Workbook

Sheet Preisvorschlag
A1: Code | B1: Kategorie | C1: Titel | D1: Details | E1: Status | F1: Preisbasis | G1: Referenzpreis CHF | H1: Breite mm | I1: Höhe mm | J1: Fläche m² | K1: Vorschlag CHF | L1: Entscheid CHF | M1: Rabatt effektiv | N1: Montage h min | O1: Montage h max | P1: Montage CHF min | Q1: Montage CHF max | R1: Link | S1: Bemerkung
A2: GB 01 | B2: Neue Glasplatten | C2: Gebogenes Reliefglas mit Wellenringen | D2: Gebogen · Masse auf Anfrage · 10 mm Glas | E2: verfügbar | F2: Preis auf Anfrage | J2: =IF(OR(H2="",I2=""),"",ROUND(H2*I2/1000000,2)) | K2: =IF(J2="","",ROUND(J2*Annahmen!$B$8/Annahmen!$B$6,0)*Annahmen!$B$6) | M2: =IF(OR(G2="",L2=""),"",1-L2/G2) | N2: 2 | O2: 4 | P2: =N2*Annahmen!$B$9 | Q2: =O2*Annahmen!$B$9 | R2: =HYPERLINK(Annahmen!$B$11&"#artikel/gb-01","Stück öffnen") | S2: Masse fehlen – Preis manuell
A3: GB 02 | B3: Neue Glasplatten | C3: Gebogenes Reliefglas mit Palmenmotiv | D3: Gebogen · Masse auf Anfrage · 10 mm Glas | E3: verfügbar | F3: Preis auf Anfrage | J3: =IF(OR(H3="",I3=""),"",ROUND(H3*I3/1000000,2)) | K3: =IF(J3="","",ROUND(J3*Annahmen!$B$8/Annahmen!$B$6,0)*Annahmen!$B$6) | M3: =IF(OR(G3="",L3=""),"",1-L3/G3) | N3: 2 | O3: 4 | P3: =N3*Annahmen!$B$9 | Q3: =O3*Annahmen!$B$9 | R3: =HYPERLINK(Annahmen!$B$11&"#artikel/gb-02","Stück öffnen") | S3: Masse fehlen – Preis manuell
A4: GB 03 | B4: Neue Glasplatten | C4: Reliefglas mit Zellstruktur und geschwungener Kante | D4: Freie Oberkante · Masse auf Anfrage · 10 mm Glas | E4: verfügbar | F4: Preis auf Anfrage | J4: =IF(OR(H4="",I4=""),"",ROUND(H4*I4/1000000,2)) | K4: =IF(J4="","",ROUND(J4*Annahmen!$B$8/Annahmen!$B$6,0)*Annahmen!$B$6) | M4: =IF(OR(G4="",L4=""),"",1-L4/G4) | N4: 2 | O4: 4 | P4: =N4*Annahmen!$B$9 | Q4: =O4*Annahmen!$B$9 | R4: =HYPERLINK(Annahmen!$B$11&"#artikel/gb-03","Stück öffnen") | S4: Masse fehlen – Preis manuell
A5: GB 04 | B5: Neue Glasplatten | C5: Gebogenes Reliefglas mit Reliefmotiv | D5: Gebogen · Masse auf Anfrage · 10 mm Glas | E5: verfügbar | F5: Preis auf Anfrage | J5: =IF(OR(H5="",I5=""),"",ROUND(H5*I5/1000000,2)) | K5: =IF(J5="","",ROUND(J5*Annahmen!$B$8/Annahmen!$B$6,0)*Annahmen!$B$6) | M5: =IF(OR(G5="",L5=""),"",1-L5/G5) | N5: 2 | O5: 4 | P5: =N5*Annahmen!$B$9 | Q5: =O5*Annahmen!$B$9 | R5: =HYPERLINK(Annahmen!$B$11&"#artikel/gb-04","Stück öffnen") | S5: Masse fehlen – Preis manuell
A6: TW 20 | B6: Neue Glasplatten | C6: Strukturglas-Platte mit grober Textur | D6: 1040 × 1900 mm · 8 mm Glas | E6: verfügbar | F6: Preis auf Anfrage | H6: 1040 | I6: 1900 | J6: =IF(OR(H6="",I6=""),"",ROUND(H6*I6/1000000,2)) | K6: =IF(J6="","",ROUND(J6*Annahmen!$B$7/Annahmen!$B$6,0)*Annahmen!$B$6) | M6: =IF(OR(G6="",L6=""),"",1-L6/G6) | N6: 2 | O6: 4 | P6: =N6*Annahmen!$B$9 | Q6: =O6*Annahmen!$B$9 | R6: =HYPERLINK(Annahmen!$B$11&"#artikel/tw-20","Stück öffnen") | S6: Formel Fläche × CHF/m² (Annahme)
A7: TW 21 | B7: Neue Glasplatten | C7: Strukturglas-Platte mit Tiermotiv | D7: 885 × 1980 mm · 8 mm Glas | E7: verfügbar | F7: Preis auf Anfrage | H7: 885 | I7: 1980 | J7: =IF(OR(H7="",I7=""),"",ROUND(H7*I7/1000000,2)) | K7: =IF(J7="","",ROUND(J7*Annahmen!$B$7/Annahmen!$B$6,0)*Annahmen!$B$6) | M7: =IF(OR(G7="",L7=""),"",1-L7/G7) | N7: 2 | O7: 4 | P7: =N7*Annahmen!$B$9 | Q7: =O7*Annahmen!$B$9 | R7: =HYPERLINK(Annahmen!$B$11&"#artikel/tw-21","Stück öffnen") | S7: Formel Fläche × CHF/m² (Annahme)
A8: TW 22 | B8: Neue Glasplatten | C8: Strukturglas-Platte mit feiner Textur | D8: 760 × 2030 mm · 8 mm Glas | E8: verfügbar | F8: Preis auf Anfrage | H8: 760 | I8: 2030 | J8: =IF(OR(H8="",I8=""),"",ROUND(H8*I8/1000000,2)) | K8: =IF(J8="","",ROUND(J8*Annahmen!$B$7/Annahmen!$B$6,0)*Annahmen!$B$6) | M8: =IF(OR(G8="",L8=""),"",1-L8/G8) | N8: 2 | O8: 4 | P8: =N8*Annahmen!$B$9 | Q8: =O8*Annahmen!$B$9 | R8: =HYPERLINK(Annahmen!$B$11&"#artikel/tw-22","Stück öffnen") | S8: Formel Fläche × CHF/m² (Annahme)
A9: TW 24 | B9: Neue Glasplatten | C9: Strukturglas-Platte mit Meeresmotiv | D9: 805 × 1975 mm · 8 mm Glas | E9: verfügbar | F9: Preis auf Anfrage | H9: 805 | I9: 1975 | J9: =IF(OR(H9="",I9=""),"",ROUND(H9*I9/1000000,2)) | K9: =IF(J9="","",ROUND(J9*Annahmen!$B$7/Annahmen!$B$6,0)*Annahmen!$B$6) | M9: =IF(OR(G9="",L9=""),"",1-L9/G9) | N9: 2 | O9: 4 | P9: =N9*Annahmen!$B$9 | Q9: =O9*Annahmen!$B$9 | R9: =HYPERLINK(Annahmen!$B$11&"#artikel/tw-24","Stück öffnen") | S9: Formel Fläche × CHF/m² (Annahme)
A10: TW 25 | B10: Neue Glasplatten | C10: Strukturglas-Platte mit Felsstruktur | D10: 800 × 1950 mm · 10 mm Glas | E10: verfügbar | F10: Preis auf Anfrage | H10: 800 | I10: 1950 | J10: =IF(OR(H10="",I10=""),"",ROUND(H10*I10/1000000,2)) | K10: =IF(J10="","",ROUND(J10*Annahmen!$B$8/Annahmen!$B$6,0)*Annahmen!$B$6) | M10: =IF(OR(G10="",L10=""),"",1-L10/G10) | N10: 2 | O10: 4 | P10: =N10*Annahmen!$B$9 | Q10: =O10*Annahmen!$B$9 | R10: =HYPERLINK(Annahmen!$B$11&"#artikel/tw-25","Stück öffnen") | S10: Formel Fläche × CHF/m² (Annahme)
A11: TW 26 | B11: Neue Glasplatten | C11: Strukturglas-Platte mit Delfinen | D11: 605 × 1958 mm · 8 mm Glas | E11: verfügbar | F11: Preis auf Anfrage | H11: 605 | I11: 1958 | J11: =IF(OR(H11="",I11=""),"",ROUND(H11*I11/1000000,2)) | K11: =IF(J11="","",ROUND(J11*Annahmen!$B$7/Annahmen!$B$6,0)*Annahmen!$B$6) | M11: =IF(OR(G11="",L11=""),"",1-L11/G11) | N11: 2 | O11: 4 | P11: =N11*Annahmen!$B$9 | Q11: =O11*Annahmen!$B$9 | R11: =HYPERLINK(Annahmen!$B$11&"#artikel/tw-26","Stück öffnen") | S11: Formel Fläche × CHF/m² (Annahme)
A12: TW 28 | B12: Neue Glasplatten | C12: Schmale Strukturglas-Platte | D12: 530 × 2005 mm · 10 mm Glas | E12: verfügbar | F12: Preis auf Anfrage | H12: 530 | I12: 2005 | J12: =IF(OR(H12="",I12=""),"",ROUND(H12*I12/1000000,2)) | K12: =IF(J12="","",ROUND(J12*Annahmen!$B$8/Annahmen!$B$6,0)*Annahmen!$B$6) | M12: =IF(OR(G12="",L12=""),"",1-L12/G12) | N12: 2 | O12: 4 | P12: =N12*Annahmen!$B$9 | Q12: =O12*Annahmen!$B$9 | R12: =HYPERLINK(Annahmen!$B$11&"#artikel/tw-28","Stück öffnen") | S12: Formel Fläche × CHF/m² (Annahme)
A13: TW 29 | B13: Neue Glasplatten | C13: Schmale Strukturglas-Platte | D13: 505 × 1970 mm · 8 mm Glas | E13: verfügbar | F13: Preis auf Anfrage | H13: 505 | I13: 1970 | J13: =IF(OR(H13="",I13=""),"",ROUND(H13*I13/1000000,2)) | K13: =IF(J13="","",ROUND(J13*Annahmen!$B$7/Annahmen!$B$6,0)*Annahmen!$B$6) | M13: =IF(OR(G13="",L13=""),"",1-L13/G13) | N13: 2 | O13: 4 | P13: =N13*Annahmen!$B$9 | Q13: =O13*Annahmen!$B$9 | R13: =HYPERLINK(Annahmen!$B$11&"#artikel/tw-29","Stück öffnen") | S13: Formel Fläche × CHF/m² (Annahme)
A14: TW 31 | B14: Neue Glasplatten | C14: Strukturglas-Platte mit Felsstruktur | D14: 1005 × 1955 mm · 10 mm Glas | E14: verfügbar | F14: Preis auf Anfrage | H14: 1005 | I14: 1955 | J14: =IF(OR(H14="",I14=""),"",ROUND(H14*I14/1000000,2)) | K14: =IF(J14="","",ROUND(J14*Annahmen!$B$8/Annahmen!$B$6,0)*Annahmen!$B$6) | M14: =IF(OR(G14="",L14=""),"",1-L14/G14) | N14: 2 | O14: 4 | P14: =N14*Annahmen!$B$9 | Q14: =O14*Annahmen!$B$9 | R14: =HYPERLINK(Annahmen!$B$11&"#artikel/tw-31","Stück öffnen") | S14: Formel Fläche × CHF/m² (Annahme)
A15: TW 32 | B15: Neue Glasplatten | C15: Strukturglas-Platte mit kräftiger Struktur | D15: 1035 × 2100 mm · 10 mm Glas | E15: verfügbar | F15: Preis auf Anfrage | H15: 1035 | I15: 2100 | J15: =IF(OR(H15="",I15=""),"",ROUND(H15*I15/1000000,2)) | K15: =IF(J15="","",ROUND(J15*Annahmen!$B$8/Annahmen!$B$6,0)*Annahmen!$B$6) | M15: =IF(OR(G15="",L15=""),"",1-L15/G15) | N15: 2 | O15: 4 | P15: =N15*Annahmen!$B$9 | Q15: =O15*Annahmen!$B$9 | R15: =HYPERLINK(Annahmen!$B$11&"#artikel/tw-32","Stück öffnen") | S15: Formel Fläche × CHF/m² (Annahme)
A16: TW 33 | B16: Neue Glasplatten | C16: Strukturglas-Platte mit Reliefstruktur | D16: 1050 × 2000 mm · 10 mm Glas | E16: verfügbar | F16: Preis auf Anfrage | H16: 1050 | I16: 2000 | J16: =IF(OR(H16="",I16=""),"",ROUND(H16*I16/1000000,2)) | K16: =IF(J16="","",ROUND(J16*Annahmen!$B$8/Annahmen!$B$6,0)*Annahmen!$B$6) | M16: =IF(OR(G16="",L16=""),"",1-L16/G16) | N16: 2 | O16: 4 | P16: =N16*Annahmen!$B$9 | Q16: =O16*Annahmen!$B$9 | R16: =HYPERLINK(Annahmen!$B$11&"#artikel/tw-33","Stück öffnen") | S16: Formel Fläche × CHF/m² (Annahme)
A17: TW 34 | B17: Neue Glasplatten | C17: Strukturglas-Platte mit Felsstruktur | D17: 1100 × 2000 mm · 10 mm Glas | E17: verfügbar | F17: Preis auf Anfrage | H17: 1100 | I17: 2000 | J17: =IF(OR(H17="",I17=""),"",ROUND(H17*I17/1000000,2)) | K17: =IF(J17="","",ROUND(J17*Annahmen!$B$8/Annahmen!$B$6,0)*Annahmen!$B$6) | M17: =IF(OR(G17="",L17=""),"",1-L17/G17) | N17: 2 | O17: 4 | P17: =N17*Annahmen!$B$9 | Q17: =O17*Annahmen!$B$9 | R17: =HYPERLINK(Annahmen!$B$11&"#artikel/tw-34","Stück öffnen") | S17: Formel Fläche × CHF/m² (Annahme)
A18: TW 35 | B18: Neue Glasplatten | C18: Breite Strukturglas-Platte mit geschwungener Kante | D18: 1250 × 1950 mm · 10 mm Glas | E18: verfügbar | F18: Preis auf Anfrage | H18: 1250 | I18: 1950 | J18: =IF(OR(H18="",I18=""),"",ROUND(H18*I18/1000000,2)) | K18: =IF(J18="","",ROUND(J18*Annahmen!$B$8/Annahmen!$B$6,0)*Annahmen!$B$6) | M18: =IF(OR(G18="",L18=""),"",1-L18/G18) | N18: 2 | O18: 4 | P18: =N18*Annahmen!$B$9 | Q18: =O18*Annahmen!$B$9 | R18: =HYPERLINK(Annahmen!$B$11&"#artikel/tw-35","Stück öffnen") | S18: Formel Fläche × CHF/m² (Annahme)
A19: TW 36 | B19: Neue Glasplatten | C19: Strukturglas-Platte mit Linienstruktur | D19: 1200 × 2000 mm · 8 mm Glas | E19: verfügbar | F19: Preis auf Anfrage | H19: 1200 | I19: 2000 | J19: =IF(OR(H19="",I19=""),"",ROUND(H19*I19/1000000,2)) | K19: =IF(J19="","",ROUND(J19*Annahmen!$B$7/Annahmen!$B$6,0)*Annahmen!$B$6) | M19: =IF(OR(G19="",L19=""),"",1-L19/G19) | N19: 2 | O19: 4 | P19: =N19*Annahmen!$B$9 | Q19: =O19*Annahmen!$B$9 | R19: =HYPERLINK(Annahmen!$B$11&"#artikel/tw-36","Stück öffnen") | S19: Formel Fläche × CHF/m² (Annahme)
A20: TW 37 | B20: Neue Glasplatten | C20: Strukturglas-Platte mit feiner Linienstruktur | D20: Masse auf Anfrage · 8 mm Glas | E20: verfügbar | F20: Preis auf Anfrage | J20: =IF(OR(H20="",I20=""),"",ROUND(H20*I20/1000000,2)) | K20: =IF(J20="","",ROUND(J20*Annahmen!$B$7/Annahmen!$B$6,0)*Annahmen!$B$6) | M20: =IF(OR(G20="",L20=""),"",1-L20/G20) | N20: 2 | O20: 4 | P20: =N20*Annahmen!$B$9 | Q20: =O20*Annahmen!$B$9 | R20: =HYPERLINK(Annahmen!$B$11&"#artikel/tw-37","Stück öffnen") | S20: Masse fehlen – Preis manuell
A21: TW 38 | B21: Neue Glasplatten | C21: Strukturglas-Platte mit Reliefstruktur | D21: Masse auf Anfrage · 10 mm Glas | E21: verfügbar | F21: Preis auf Anfrage | J21: =IF(OR(H21="",I21=""),"",ROUND(H21*I21/1000000,2)) | K21: =IF(J21="","",ROUND(J21*Annahmen!$B$8/Annahmen!$B$6,0)*Annahmen!$B$6) | M21: =IF(OR(G21="",L21=""),"",1-L21/G21) | N21: 2 | O21: 4 | P21: =N21*Annahmen!$B$9 | Q21: =O21*Annahmen!$B$9 | R21: =HYPERLINK(Annahmen!$B$11&"#artikel/tw-38","Stück öffnen") | S21: Masse fehlen – Preis manuell
A22: BA-06 | B22: Glaswaschtische | C22: LED-Glaswaschtisch 160 cm mit Holz-Unterschrank | D22: 160 cm · zwei Becken · LED-Beleuchtung · Unterschrank Holzdekor · ohne Armaturen | E22: verfügbar | F22: Katalogpreis 05/2025 | G22: 1920 | J22: =IF(OR(H22="",I22=""),"",ROUND(H22*I22/1000000,2)) | K22: =IF(G22="","",ROUND(G22*(1-IF(G22<=300,Annahmen!$B$2,IF(G22<=1000,Annahmen!$B$3,IF(G22<=3000,Annahmen!$B$4,Annahmen!$B$5))))/Annahmen!$B$6,0)*Annahmen!$B$6) | M22: =IF(OR(G22="",L22=""),"",1-L22/G22) | N22: 3 | O22: 4 | P22: =N22*Annahmen!$B$9 | Q22: =O22*Annahmen!$B$9 | R22: =HYPERLINK(Annahmen!$B$11&"#artikel/ba-06-led-glass-washbasin-160cm","Stück öffnen")
A23: BA-W | B23: Glaswaschtische | C23: Weiss lackierter Glaswaschtisch 76 × 51 cm | D23: 76 × 51 cm · weiss lackiert · Edelstahlkonsolen · ohne Armaturen | E23: verfügbar | F23: Katalogpreis 05/2025 | G23: 800 | J23: =IF(OR(H23="",I23=""),"",ROUND(H23*I23/1000000,2)) | K23: =IF(G23="","",ROUND(G23*(1-IF(G23<=300,Annahmen!$B$2,IF(G23<=1000,Annahmen!$B$3,IF(G23<=3000,Annahmen!$B$4,Annahmen!$B$5))))/Annahmen!$B$6,0)*Annahmen!$B$6) | M23: =IF(OR(G23="",L23=""),"",1-L23/G23) | N23: 1.5 | O23: 2.5 | P23: =N23*Annahmen!$B$9 | Q23: =O23*Annahmen!$B$9 | R23: =HYPERLINK(Annahmen!$B$11&"#artikel/ba-w-white-lacquered-washbasin","Stück öffnen")
A24: BA-05 | B24: Glaswaschtische | C24: LED-Glaswaschtisch 99,5 × 52,5 cm mit Steinoptik-Unterschrank | D24: 99,5 × 52,5 cm · LED-Beleuchtung · Unterschrank Steinoptik · ohne Armaturen | E24: verfügbar | F24: Katalogpreis 05/2025 | G24: 1140 | J24: =IF(OR(H24="",I24=""),"",ROUND(H24*I24/1000000,2)) | K24: =IF(G24="","",ROUND(G24*(1-IF(G24<=300,Annahmen!$B$2,IF(G24<=1000,Annahmen!$B$3,IF(G24<=3000,Annahmen!$B$4,Annahmen!$B$5))))/Annahmen!$B$6,0)*Annahmen!$B$6) | M24: =IF(OR(G24="",L24=""),"",1-L24/G24) | N24: 3 | O24: 4 | P24: =N24*Annahmen!$B$9 | Q24: =O24*Annahmen!$B$9 | R24: =HYPERLINK(Annahmen!$B$11&"#artikel/ba-05-led-glass-washbasin-99cm","Stück öffnen")
A25: BA-03 | B25: Glaswaschtische | C25: LED-Glaswaschtisch 80 cm mit Unterschrank | D25: 80 cm · LED-Beleuchtung · Unterschrank Steinoptik · ohne Armaturen | E25: verfügbar | F25: Katalogpreis 05/2025 | G25: 850 | J25: =IF(OR(H25="",I25=""),"",ROUND(H25*I25/1000000,2)) | K25: =IF(G25="","",ROUND(G25*(1-IF(G25<=300,Annahmen!$B$2,IF(G25<=1000,Annahmen!$B$3,IF(G25<=3000,Annahmen!$B$4,Annahmen!$B$5))))/Annahmen!$B$6,0)*Annahmen!$B$6) | M25: =IF(OR(G25="",L25=""),"",1-L25/G25) | N25: 3 | O25: 4 | P25: =N25*Annahmen!$B$9 | Q25: =O25*Annahmen!$B$9 | R25: =HYPERLINK(Annahmen!$B$11&"#artikel/ba-03-led-glass-washbasin-80cm","Stück öffnen")
A26: BA-M4 | B26: Glaswaschtische | C26: Glasschüssel-Set Modell 4 auf roter Glasplatte | D26: Schüssel schwarz-gold · rote Glasabdeckung · Konsolen · ohne Armatur | E26: verfügbar | F26: Katalogpreis 05/2025 | G26: 650 | J26: =IF(OR(H26="",I26=""),"",ROUND(H26*I26/1000000,2)) | K26: =IF(G26="","",ROUND(G26*(1-IF(G26<=300,Annahmen!$B$2,IF(G26<=1000,Annahmen!$B$3,IF(G26<=3000,Annahmen!$B$4,Annahmen!$B$5))))/Annahmen!$B$6,0)*Annahmen!$B$6) | M26: =IF(OR(G26="",L26=""),"",1-L26/G26) | N26: 1.5 | O26: 2.5 | P26: =N26*Annahmen!$B$9 | Q26: =O26*Annahmen!$B$9 | R26: =HYPERLINK(Annahmen!$B$11&"#artikel/ba-m4-glass-bowl-set-model-4","Stück öffnen")
A27: BA-RD | B27: Duschen | C27: Runddusche mit Glasboden und Glasdecke | D27: H 206 cm · B 130/100 cm · mit Boden und Decke · Komplettset | E27: verfügbar | F27: Aktionspreis Nov 2026 (bestätigt) | G27: 4000 | J27: =IF(OR(H27="",I27=""),"",ROUND(H27*I27/1000000,2)) | K27: =G27 | M27: =IF(OR(G27="",L27=""),"",1-L27/G27) | N27: 5 | O27: 8 | P27: =N27*Annahmen!$B$9 | Q27: =O27*Annahmen!$B$9 | R27: =HYPERLINK(Annahmen!$B$11&"#artikel/ba-rd-round-shower","Stück öffnen") | S27: Aktionspreis bereits bestätigt
A28: BA-ED | B28: Duschen | C28: Eckdusche 100 × 120 cm mit Schiebetüren | D28: 100 × 120 cm, H 200 cm · 2 Fixgläser, 2 Schiebegläser · inkl. Set Eckschiebetüre, Beschläge, Schienen, Griff, Dichtungen | E28: verfügbar | F28: Katalogpreis 05/2025 | G28: 3000 | J28: =IF(OR(H28="",I28=""),"",ROUND(H28*I28/1000000,2)) | K28: =IF(G28="","",ROUND(G28*(1-IF(G28<=300,Annahmen!$B$2,IF(G28<=1000,Annahmen!$B$3,IF(G28<=3000,Annahmen!$B$4,Annahmen!$B$5))))/Annahmen!$B$6,0)*Annahmen!$B$6) | M28: =IF(OR(G28="",L28=""),"",1-L28/G28) | N28: 5 | O28: 8 | P28: =N28*Annahmen!$B$9 | Q28: =O28*Annahmen!$B$9 | R28: =HYPERLINK(Annahmen!$B$11&"#artikel/ba-ed-corner-sliding-shower","Stück öffnen")
A29: BA-FD | B29: Duschen | C29: Faltentür für Nischendusche 82 × 204 cm | D29: 82,3 × 204 cm · mit Beschlägen · Rückwände und Boden auf Anfrage | E29: verfügbar | F29: Katalogpreis 05/2025 | G29: 1500 | J29: =IF(OR(H29="",I29=""),"",ROUND(H29*I29/1000000,2)) | K29: =IF(G29="","",ROUND(G29*(1-IF(G29<=300,Annahmen!$B$2,IF(G29<=1000,Annahmen!$B$3,IF(G29<=3000,Annahmen!$B$4,Annahmen!$B$5))))/Annahmen!$B$6,0)*Annahmen!$B$6) | M29: =IF(OR(G29="",L29=""),"",1-L29/G29) | N29: 5 | O29: 8 | P29: =N29*Annahmen!$B$9 | Q29: =O29*Annahmen!$B$9 | R29: =HYPERLINK(Annahmen!$B$11&"#artikel/ba-fd-folding-shower-door","Stück öffnen")
A30: BA-SD | B30: Duschen | C30: Dusch-Schiebetüre 100 × 200 cm | D30: 100 × 200 cm · mit Beschlägen · Rückwände auf Anfrage | E30: verfügbar | F30: Katalogpreis 05/2025 | G30: 1500 | J30: =IF(OR(H30="",I30=""),"",ROUND(H30*I30/1000000,2)) | K30: =IF(G30="","",ROUND(G30*(1-IF(G30<=300,Annahmen!$B$2,IF(G30<=1000,Annahmen!$B$3,IF(G30<=3000,Annahmen!$B$4,Annahmen!$B$5))))/Annahmen!$B$6,0)*Annahmen!$B$6) | M30: =IF(OR(G30="",L30=""),"",1-L30/G30) | N30: 5 | O30: 8 | P30: =N30*Annahmen!$B$9 | Q30: =O30*Annahmen!$B$9 | R30: =HYPERLINK(Annahmen!$B$11&"#artikel/ba-sd-sliding-shower-door","Stück öffnen")
A31: BA-D | B31: Glastüren | C31: Glas-Drehtüre mit Delfinrelief, ESG | D31: 80,5 × 218 cm · ESG · inkl. Beschläge und Griff | E31: verkauft | F31: Katalogpreis 05/2025 | G31: 1400 | J31: =IF(OR(H31="",I31=""),"",ROUND(H31*I31/1000000,2)) | M31: =IF(OR(G31="",L31=""),"",1-L31/G31) | N31: 2 | O31: 3 | P31: =N31*Annahmen!$B$9 | Q31: =O31*Annahmen!$B$9 | R31: =HYPERLINK(Annahmen!$B$11&"#artikel/ba-d-dolphin-relief-glass-door","Stück öffnen") | S31: Verkauft – nur Dokumentation
A32: BA-P | B32: Glastüren | C32: Glas-Drehtüre mit Palmenrelief, ESG | D32: 84 × 201,5 cm · ESG · inkl. Schiene, Beschläge und Griff | E32: verfügbar | F32: Katalogpreis 05/2025 | G32: 1200 | J32: =IF(OR(H32="",I32=""),"",ROUND(H32*I32/1000000,2)) | K32: =IF(G32="","",ROUND(G32*(1-IF(G32<=300,Annahmen!$B$2,IF(G32<=1000,Annahmen!$B$3,IF(G32<=3000,Annahmen!$B$4,Annahmen!$B$5))))/Annahmen!$B$6,0)*Annahmen!$B$6) | M32: =IF(OR(G32="",L32=""),"",1-L32/G32) | N32: 2 | O32: 3 | P32: =N32*Annahmen!$B$9 | Q32: =O32*Annahmen!$B$9 | R32: =HYPERLINK(Annahmen!$B$11&"#artikel/ba-p-palm-relief-glass-door","Stück öffnen")
A33: LA 04 | B33: Glaswaschtische | C33: Glaswaschtisch 130 × 70 cm mit ovalem Becken | D33: 130 × 70 cm · Strukturglas klar · ovales Becken | E33: verfügbar | F33: Katalogpreis 05/2025 | G33: 1500 | J33: =IF(OR(H33="",I33=""),"",ROUND(H33*I33/1000000,2)) | K33: =IF(G33="","",ROUND(G33*(1-IF(G33<=300,Annahmen!$B$2,IF(G33<=1000,Annahmen!$B$3,IF(G33<=3000,Annahmen!$B$4,Annahmen!$B$5))))/Annahmen!$B$6,0)*Annahmen!$B$6) | M33: =IF(OR(G33="",L33=""),"",1-L33/G33) | N33: 1.5 | O33: 2.5 | P33: =N33*Annahmen!$B$9 | Q33: =O33*Annahmen!$B$9 | R33: =HYPERLINK(Annahmen!$B$11&"#artikel/la-04-glass-washbasin","Stück öffnen")
A34: LA 11 | B34: Glaswaschtische | C34: Glaswaschtisch 145 × 65 cm, Weiss | D34: 145 × 65 cm · weiss | E34: verfügbar | F34: Katalogpreis 05/2025 | G34: 800 | J34: =IF(OR(H34="",I34=""),"",ROUND(H34*I34/1000000,2)) | K34: =IF(G34="","",ROUND(G34*(1-IF(G34<=300,Annahmen!$B$2,IF(G34<=1000,Annahmen!$B$3,IF(G34<=3000,Annahmen!$B$4,Annahmen!$B$5))))/Annahmen!$B$6,0)*Annahmen!$B$6) | M34: =IF(OR(G34="",L34=""),"",1-L34/G34) | N34: 1.5 | O34: 2.5 | P34: =N34*Annahmen!$B$9 | Q34: =O34*Annahmen!$B$9 | R34: =HYPERLINK(Annahmen!$B$11&"#artikel/la-11-glass-washbasin","Stück öffnen")
A35: LA 21 | B35: Glaswaschtische | C35: Geschwungener Glaswaschtisch 122 × 40 cm | D35: 122 × 40 cm · geschwungen · Strukturglas klar | E35: verfügbar | F35: Katalogpreis 05/2025 | G35: 800 | J35: =IF(OR(H35="",I35=""),"",ROUND(H35*I35/1000000,2)) | K35: =IF(G35="","",ROUND(G35*(1-IF(G35<=300,Annahmen!$B$2,IF(G35<=1000,Annahmen!$B$3,IF(G35<=3000,Annahmen!$B$4,Annahmen!$B$5))))/Annahmen!$B$6,0)*Annahmen!$B$6) | M35: =IF(OR(G35="",L35=""),"",1-L35/G35) | N35: 1.5 | O35: 2.5 | P35: =N35*Annahmen!$B$9 | Q35: =O35*Annahmen!$B$9 | R35: =HYPERLINK(Annahmen!$B$11&"#artikel/la-21-glass-washbasin","Stück öffnen")
A36: LA 23 | B36: Glaswaschtische | C36: Glaswaschtisch 80 × 56 cm, Kobaltblau | D36: 80 × 56 cm · kobaltblau | E36: verfügbar | F36: Katalogpreis 05/2025 | G36: 300 | J36: =IF(OR(H36="",I36=""),"",ROUND(H36*I36/1000000,2)) | K36: =IF(G36="","",ROUND(G36*(1-IF(G36<=300,Annahmen!$B$2,IF(G36<=1000,Annahmen!$B$3,IF(G36<=3000,Annahmen!$B$4,Annahmen!$B$5))))/Annahmen!$B$6,0)*Annahmen!$B$6) | M36: =IF(OR(G36="",L36=""),"",1-L36/G36) | N36: 1.5 | O36: 2.5 | P36: =N36*Annahmen!$B$9 | Q36: =O36*Annahmen!$B$9 | R36: =HYPERLINK(Annahmen!$B$11&"#artikel/la-23-glass-washbasin","Stück öffnen")
A37: LA 26 | B37: Glaswaschtische | C37: Doppelwaschtisch 170 × 65 cm, Gelb, mit Unterschrank | D37: 170 × 65 cm · zwei Becken · gelb · mit Unterschrank | E37: verfügbar | F37: Katalogpreis 05/2025 | G37: 1500 | J37: =IF(OR(H37="",I37=""),"",ROUND(H37*I37/1000000,2)) | K37: =IF(G37="","",ROUND(G37*(1-IF(G37<=300,Annahmen!$B$2,IF(G37<=1000,Annahmen!$B$3,IF(G37<=3000,Annahmen!$B$4,Annahmen!$B$5))))/Annahmen!$B$6,0)*Annahmen!$B$6) | M37: =IF(OR(G37="",L37=""),"",1-L37/G37) | N37: 3 | O37: 4 | P37: =N37*Annahmen!$B$9 | Q37: =O37*Annahmen!$B$9 | R37: =HYPERLINK(Annahmen!$B$11&"#artikel/la-26-glass-washbasin","Stück öffnen")
A38: LA 28 | B38: Glaswaschtische | C38: Glaswaschtisch 200 × 65 cm auf Holzsockel | D38: 200 × 65 cm · zwei Becken · Holzsockel | E38: verfügbar | F38: Katalogpreis 05/2025 | G38: 2000 | J38: =IF(OR(H38="",I38=""),"",ROUND(H38*I38/1000000,2)) | K38: =IF(G38="","",ROUND(G38*(1-IF(G38<=300,Annahmen!$B$2,IF(G38<=1000,Annahmen!$B$3,IF(G38<=3000,Annahmen!$B$4,Annahmen!$B$5))))/Annahmen!$B$6,0)*Annahmen!$B$6) | M38: =IF(OR(G38="",L38=""),"",1-L38/G38) | N38: 3 | O38: 4 | P38: =N38*Annahmen!$B$9 | Q38: =O38*Annahmen!$B$9 | R38: =HYPERLINK(Annahmen!$B$11&"#artikel/la-28-glass-washbasin","Stück öffnen")
A39: LA 30 | B39: Glaswaschtische | C39: Glaswaschtisch 96 × 56 cm mit Altholz-Unterschrank | D39: 96 × 56 cm · Unterschrank Altholz | E39: verfügbar | F39: Katalogpreis 05/2025 | G39: 1000 | J39: =IF(OR(H39="",I39=""),"",ROUND(H39*I39/1000000,2)) | K39: =IF(G39="","",ROUND(G39*(1-IF(G39<=300,Annahmen!$B$2,IF(G39<=1000,Annahmen!$B$3,IF(G39<=3000,Annahmen!$B$4,Annahmen!$B$5))))/Annahmen!$B$6,0)*Annahmen!$B$6) | M39: =IF(OR(G39="",L39=""),"",1-L39/G39) | N39: 3 | O39: 4 | P39: =N39*Annahmen!$B$9 | Q39: =O39*Annahmen!$B$9 | R39: =HYPERLINK(Annahmen!$B$11&"#artikel/la-30-glass-washbasin","Stück öffnen")
A40: LA 34 | B40: Glaswaschtische | C40: Glaswaschtisch 180 × 65 cm mit zwei Becken | D40: 180 × 65 cm · zwei Becken · ohne Unterschrank | E40: verfügbar | F40: Katalogpreis 05/2025 | G40: 3050 | J40: =IF(OR(H40="",I40=""),"",ROUND(H40*I40/1000000,2)) | K40: =IF(G40="","",ROUND(G40*(1-IF(G40<=300,Annahmen!$B$2,IF(G40<=1000,Annahmen!$B$3,IF(G40<=3000,Annahmen!$B$4,Annahmen!$B$5))))/Annahmen!$B$6,0)*Annahmen!$B$6) | M40: =IF(OR(G40="",L40=""),"",1-L40/G40) | N40: 3 | O40: 4 | P40: =N40*Annahmen!$B$9 | Q40: =O40*Annahmen!$B$9 | R40: =HYPERLINK(Annahmen!$B$11&"#artikel/la-34-glass-washbasin","Stück öffnen")
A41: LA 35 | B41: Glaswaschtische | C41: Glaswaschtisch 100 × 55 cm mit Mineralgussmöbel und LED | D41: 100 × 55 cm · Mineralgussmöbel · Glasplatte · LED | E41: verfügbar | F41: Aktionspreis Nov 2026 (bestätigt) | G41: 500 | J41: =IF(OR(H41="",I41=""),"",ROUND(H41*I41/1000000,2)) | K41: =G41 | M41: =IF(OR(G41="",L41=""),"",1-L41/G41) | N41: 1.5 | O41: 2.5 | P41: =N41*Annahmen!$B$9 | Q41: =O41*Annahmen!$B$9 | R41: =HYPERLINK(Annahmen!$B$11&"#artikel/la-35-glass-washbasin","Stück öffnen") | S41: Aktionspreis bereits bestätigt
A42: LA 36 | B42: Glaswaschtische | C42: Glaswaschtisch 98 × 57 cm, Türkis, mit Mineralgussmöbel | D42: 98 × 57 cm · türkis · Mineralgussmöbel · Komplettset | E42: verfügbar | F42: Katalogpreis 05/2025 | G42: 1200 | J42: =IF(OR(H42="",I42=""),"",ROUND(H42*I42/1000000,2)) | K42: =IF(G42="","",ROUND(G42*(1-IF(G42<=300,Annahmen!$B$2,IF(G42<=1000,Annahmen!$B$3,IF(G42<=3000,Annahmen!$B$4,Annahmen!$B$5))))/Annahmen!$B$6,0)*Annahmen!$B$6) | M42: =IF(OR(G42="",L42=""),"",1-L42/G42) | N42: 3 | O42: 4 | P42: =N42*Annahmen!$B$9 | Q42: =O42*Annahmen!$B$9 | R42: =HYPERLINK(Annahmen!$B$11&"#artikel/la-36-glass-washbasin-with-cabinet","Stück öffnen")
A43: LA 37 | B43: Glaswaschtische | C43: Geschwungener Glaswaschtisch 120,5 × 64 cm | D43: 120,5 × 64 cm · geschwungen · Strukturglas | E43: verfügbar | F43: Katalogpreis 05/2025 | G43: 1760 | J43: =IF(OR(H43="",I43=""),"",ROUND(H43*I43/1000000,2)) | K43: =IF(G43="","",ROUND(G43*(1-IF(G43<=300,Annahmen!$B$2,IF(G43<=1000,Annahmen!$B$3,IF(G43<=3000,Annahmen!$B$4,Annahmen!$B$5))))/Annahmen!$B$6,0)*Annahmen!$B$6) | M43: =IF(OR(G43="",L43=""),"",1-L43/G43) | N43: 1.5 | O43: 2.5 | P43: =N43*Annahmen!$B$9 | Q43: =O43*Annahmen!$B$9 | R43: =HYPERLINK(Annahmen!$B$11&"#artikel/la-37-glass-washbasin","Stück öffnen")
A44: LA 40 | B44: Glaswaschtische | C44: Glaswaschtisch 94 × 67 cm, Kupferton, mit Möbel | D44: 94 × 67 cm · Kupferton · Möbel Kunstharz · LED · Komplettset | E44: verfügbar | F44: Katalogpreis 05/2025 | G44: 1300 | J44: =IF(OR(H44="",I44=""),"",ROUND(H44*I44/1000000,2)) | K44: =IF(G44="","",ROUND(G44*(1-IF(G44<=300,Annahmen!$B$2,IF(G44<=1000,Annahmen!$B$3,IF(G44<=3000,Annahmen!$B$4,Annahmen!$B$5))))/Annahmen!$B$6,0)*Annahmen!$B$6) | M44: =IF(OR(G44="",L44=""),"",1-L44/G44) | N44: 3 | O44: 4 | P44: =N44*Annahmen!$B$9 | Q44: =O44*Annahmen!$B$9 | R44: =HYPERLINK(Annahmen!$B$11&"#artikel/la-40-glass-washbasin","Stück öffnen")
A45: LA 42 | B45: Glaswaschtische | C45: Glaswaschtisch 65 × 55 cm, Orange, mit LED | D45: 65 × 55 cm · orange · LED · Unterschrank Steinoptik | E45: verfügbar | F45: Katalogpreis 05/2025 | G45: 700 | J45: =IF(OR(H45="",I45=""),"",ROUND(H45*I45/1000000,2)) | K45: =IF(G45="","",ROUND(G45*(1-IF(G45<=300,Annahmen!$B$2,IF(G45<=1000,Annahmen!$B$3,IF(G45<=3000,Annahmen!$B$4,Annahmen!$B$5))))/Annahmen!$B$6,0)*Annahmen!$B$6) | M45: =IF(OR(G45="",L45=""),"",1-L45/G45) | N45: 3 | O45: 4 | P45: =N45*Annahmen!$B$9 | Q45: =O45*Annahmen!$B$9 | R45: =HYPERLINK(Annahmen!$B$11&"#artikel/la-42-glass-washbasin","Stück öffnen")
A46: LA 47 | B46: Glaswaschtische | C46: Waschplatz 68 × 61 cm mit Hochglanzmöbeln | D46: Lavabo 68 × 61 cm · Möbel weiss Hochglanz · Unterschrank 63,5 × 58,5 × 82 cm · Seitenschrank 63,5 × 58,5 × 159 cm · Komplettset | E46: verfügbar | F46: Katalogpreis 05/2025 | G46: 1200 | J46: =IF(OR(H46="",I46=""),"",ROUND(H46*I46/1000000,2)) | K46: =IF(G46="","",ROUND(G46*(1-IF(G46<=300,Annahmen!$B$2,IF(G46<=1000,Annahmen!$B$3,IF(G46<=3000,Annahmen!$B$4,Annahmen!$B$5))))/Annahmen!$B$6,0)*Annahmen!$B$6) | M46: =IF(OR(G46="",L46=""),"",1-L46/G46) | N46: 3 | O46: 4 | P46: =N46*Annahmen!$B$9 | Q46: =O46*Annahmen!$B$9 | R46: =HYPERLINK(Annahmen!$B$11&"#artikel/la-47-glass-washbasin","Stück öffnen")
A47: LA 49 | B47: Glaswaschtische | C47: LED-Glaswaschtisch 175 cm mit Holz-Unterschrank | D47: 175 cm · LED-Beleuchtung · Unterschrank Holz · Komplettset | E47: verfügbar | F47: Katalogpreis 05/2025 | G47: 3900 | J47: =IF(OR(H47="",I47=""),"",ROUND(H47*I47/1000000,2)) | K47: =IF(G47="","",ROUND(G47*(1-IF(G47<=300,Annahmen!$B$2,IF(G47<=1000,Annahmen!$B$3,IF(G47<=3000,Annahmen!$B$4,Annahmen!$B$5))))/Annahmen!$B$6,0)*Annahmen!$B$6) | M47: =IF(OR(G47="",L47=""),"",1-L47/G47) | N47: 3 | O47: 4 | P47: =N47*Annahmen!$B$9 | Q47: =O47*Annahmen!$B$9 | R47: =HYPERLINK(Annahmen!$B$11&"#artikel/la-49-led-glass-washbasin-with-cabinet","Stück öffnen")
A48: LA 50 | B48: Glaswaschtische | C48: Schwarze Glasschüssel mit Glasabdeckung 70 × 48 cm | D48: 70 × 48 cm · ESG · inkl. Edelstahlkonsolen, Ventil, Siphon, Spritzschutz · CR-W5010 | E48: verfügbar | F48: Aktionspreis Nov 2026 (bestätigt) | G48: 500 | J48: =IF(OR(H48="",I48=""),"",ROUND(H48*I48/1000000,2)) | K48: =G48 | M48: =IF(OR(G48="",L48=""),"",1-L48/G48) | N48: 1.5 | O48: 2.5 | P48: =N48*Annahmen!$B$9 | Q48: =O48*Annahmen!$B$9 | R48: =HYPERLINK(Annahmen!$B$11&"#artikel/la-50-glass-bowl-with-splashback","Stück öffnen") | S48: Aktionspreis bereits bestätigt
A49: LA 51 | B49: Glaswaschtische | C49: LED-Waschplatz 163 × 62 cm mit Möbel und LED-Spiegel | D49: 163 × 62 cm · LED · Möbel Steinoptik · Armaturen · LED-Spiegel 100 × 70 cm | E49: verfügbar | F49: Katalogpreis 05/2025 | G49: 5000 | J49: =IF(OR(H49="",I49=""),"",ROUND(H49*I49/1000000,2)) | K49: =IF(G49="","",ROUND(G49*(1-IF(G49<=300,Annahmen!$B$2,IF(G49<=1000,Annahmen!$B$3,IF(G49<=3000,Annahmen!$B$4,Annahmen!$B$5))))/Annahmen!$B$6,0)*Annahmen!$B$6) | M49: =IF(OR(G49="",L49=""),"",1-L49/G49) | N49: 3 | O49: 4 | P49: =N49*Annahmen!$B$9 | Q49: =O49*Annahmen!$B$9 | R49: =HYPERLINK(Annahmen!$B$11&"#artikel/la-51-led-washbasin-complete-set","Stück öffnen")
A50: LA 52 | B50: Glaswaschtische | C50: Glaswaschtisch 74 × 50,8 cm mit ovalem Becken | D50: 74 × 50,8 cm · Strukturglas klar | E50: verfügbar | F50: Katalogpreis 05/2025 | G50: 950 | J50: =IF(OR(H50="",I50=""),"",ROUND(H50*I50/1000000,2)) | K50: =IF(G50="","",ROUND(G50*(1-IF(G50<=300,Annahmen!$B$2,IF(G50<=1000,Annahmen!$B$3,IF(G50<=3000,Annahmen!$B$4,Annahmen!$B$5))))/Annahmen!$B$6,0)*Annahmen!$B$6) | M50: =IF(OR(G50="",L50=""),"",1-L50/G50) | N50: 1.5 | O50: 2.5 | P50: =N50*Annahmen!$B$9 | Q50: =O50*Annahmen!$B$9 | R50: =HYPERLINK(Annahmen!$B$11&"#artikel/la-52-glass-washbasin","Stück öffnen")
A51: LA 53 | B51: Glaswaschtische | C51: Glaswaschtisch 87 × 52 cm mit geschwungener Kante | D51: 87 × 52 cm · geschwungene Kante · Strukturglas | E51: verfügbar | F51: Katalogpreis 05/2025 | G51: 1300 | J51: =IF(OR(H51="",I51=""),"",ROUND(H51*I51/1000000,2)) | K51: =IF(G51="","",ROUND(G51*(1-IF(G51<=300,Annahmen!$B$2,IF(G51<=1000,Annahmen!$B$3,IF(G51<=3000,Annahmen!$B$4,Annahmen!$B$5))))/Annahmen!$B$6,0)*Annahmen!$B$6) | M51: =IF(OR(G51="",L51=""),"",1-L51/G51) | N51: 1.5 | O51: 2.5 | P51: =N51*Annahmen!$B$9 | Q51: =O51*Annahmen!$B$9 | R51: =HYPERLINK(Annahmen!$B$11&"#artikel/la-53-glass-washbasin","Stück öffnen")
A52: LA 55 | B52: Glaswaschtische | C52: Glaswaschtisch 100 × 52 cm mit geschwungener Kante | D52: 100 × 52 cm · geschwungene Kante · Strukturglas | E52: verfügbar | F52: Katalogpreis 05/2025 | G52: 1600 | J52: =IF(OR(H52="",I52=""),"",ROUND(H52*I52/1000000,2)) | K52: =IF(G52="","",ROUND(G52*(1-IF(G52<=300,Annahmen!$B$2,IF(G52<=1000,Annahmen!$B$3,IF(G52<=3000,Annahmen!$B$4,Annahmen!$B$5))))/Annahmen!$B$6,0)*Annahmen!$B$6) | M52: =IF(OR(G52="",L52=""),"",1-L52/G52) | N52: 1.5 | O52: 2.5 | P52: =N52*Annahmen!$B$9 | Q52: =O52*Annahmen!$B$9 | R52: =HYPERLINK(Annahmen!$B$11&"#artikel/la-55-glass-washbasin","Stück öffnen")
A53: LA 56 | B53: Glaswaschtische | C53: Glaswaschtisch 100 × 57 cm mit gerader Kante | D53: 100 × 57 cm · Strukturglas | E53: verfügbar | F53: Katalogpreis 05/2025 | G53: 1300 | J53: =IF(OR(H53="",I53=""),"",ROUND(H53*I53/1000000,2)) | K53: =IF(G53="","",ROUND(G53*(1-IF(G53<=300,Annahmen!$B$2,IF(G53<=1000,Annahmen!$B$3,IF(G53<=3000,Annahmen!$B$4,Annahmen!$B$5))))/Annahmen!$B$6,0)*Annahmen!$B$6) | M53: =IF(OR(G53="",L53=""),"",1-L53/G53) | N53: 1.5 | O53: 2.5 | P53: =N53*Annahmen!$B$9 | Q53: =O53*Annahmen!$B$9 | R53: =HYPERLINK(Annahmen!$B$11&"#artikel/la-56-glass-washbasin","Stück öffnen")
A54: LA 57 | B54: Glaswaschtische | C54: Handwaschbecken 50 × 50 cm, Weissglas | D54: 50 × 50 cm · weiss | E54: verfügbar | F54: Katalogpreis 05/2025 | G54: 100 | J54: =IF(OR(H54="",I54=""),"",ROUND(H54*I54/1000000,2)) | K54: =IF(G54="","",ROUND(G54*(1-IF(G54<=300,Annahmen!$B$2,IF(G54<=1000,Annahmen!$B$3,IF(G54<=3000,Annahmen!$B$4,Annahmen!$B$5))))/Annahmen!$B$6,0)*Annahmen!$B$6) | M54: =IF(OR(G54="",L54=""),"",1-L54/G54) | N54: 1.5 | O54: 2.5 | P54: =N54*Annahmen!$B$9 | Q54: =O54*Annahmen!$B$9 | R54: =HYPERLINK(Annahmen!$B$11&"#artikel/la-57-glass-washbasin","Stück öffnen")
A55: LA 58 | B55: Glaswaschtische | C55: Rundes Aufsatzbecken Ø 41 cm, Strukturglas | D55: Ø 41 cm · Strukturglas klar | E55: verfügbar | F55: Katalogpreis 05/2025 | G55: 600 | J55: =IF(OR(H55="",I55=""),"",ROUND(H55*I55/1000000,2)) | K55: =IF(G55="","",ROUND(G55*(1-IF(G55<=300,Annahmen!$B$2,IF(G55<=1000,Annahmen!$B$3,IF(G55<=3000,Annahmen!$B$4,Annahmen!$B$5))))/Annahmen!$B$6,0)*Annahmen!$B$6) | M55: =IF(OR(G55="",L55=""),"",1-L55/G55) | N55: 1.5 | O55: 2.5 | P55: =N55*Annahmen!$B$9 | Q55: =O55*Annahmen!$B$9 | R55: =HYPERLINK(Annahmen!$B$11&"#artikel/la-58-glass-washbasin","Stück öffnen")
A56: LA 59 | B56: Glaswaschtische | C56: Aufsatzbecken 55,5 × 36,5 cm, Rot | D56: 55,5 × 36,5 cm · rot | E56: verfügbar | F56: Aktionspreis Nov 2026 (bestätigt) | G56: 100 | J56: =IF(OR(H56="",I56=""),"",ROUND(H56*I56/1000000,2)) | K56: =G56 | M56: =IF(OR(G56="",L56=""),"",1-L56/G56) | N56: 1.5 | O56: 2.5 | P56: =N56*Annahmen!$B$9 | Q56: =O56*Annahmen!$B$9 | R56: =HYPERLINK(Annahmen!$B$11&"#artikel/la-59-glass-washbasin","Stück öffnen") | S56: Aktionspreis bereits bestätigt
A57: LA 60 | B57: Glaswaschtische | C57: Aufsatzbecken 50,5 × 40 cm, Grün-Grau | D57: 50,5 × 40 cm · grün-grau | E57: verfügbar | F57: Katalogpreis 05/2025 | G57: 600 | J57: =IF(OR(H57="",I57=""),"",ROUND(H57*I57/1000000,2)) | K57: =IF(G57="","",ROUND(G57*(1-IF(G57<=300,Annahmen!$B$2,IF(G57<=1000,Annahmen!$B$3,IF(G57<=3000,Annahmen!$B$4,Annahmen!$B$5))))/Annahmen!$B$6,0)*Annahmen!$B$6) | M57: =IF(OR(G57="",L57=""),"",1-L57/G57) | N57: 1.5 | O57: 2.5 | P57: =N57*Annahmen!$B$9 | Q57: =O57*Annahmen!$B$9 | R57: =HYPERLINK(Annahmen!$B$11&"#artikel/la-60-glass-washbasin","Stück öffnen")
A58: LA 61 | B58: Glaswaschtische | C58: Aufsatzbecken 55 × 37 cm, Schwarz-Gold | D58: 55 × 37 cm · schwarz-gold | E58: verkauft | F58: Katalogpreis 05/2025 | G58: 300 | J58: =IF(OR(H58="",I58=""),"",ROUND(H58*I58/1000000,2)) | M58: =IF(OR(G58="",L58=""),"",1-L58/G58) | N58: 1.5 | O58: 2.5 | P58: =N58*Annahmen!$B$9 | Q58: =O58*Annahmen!$B$9 | R58: =HYPERLINK(Annahmen!$B$11&"#artikel/la-61-glass-washbasin","Stück öffnen") | S58: Verkauft – nur Dokumentation
A59: LA 62 | B59: Glaswaschtische | C59: Glaswaschtisch 80 × 55 cm, Gelb, mit Mineralgusskonsole | D59: 80 × 55 cm · gelb · Mineralgusskonsole · Ablaufventil · Lochbohrung für Armatur möglich | E59: verfügbar | F59: Katalogpreis 05/2025 | G59: 400 | J59: =IF(OR(H59="",I59=""),"",ROUND(H59*I59/1000000,2)) | K59: =IF(G59="","",ROUND(G59*(1-IF(G59<=300,Annahmen!$B$2,IF(G59<=1000,Annahmen!$B$3,IF(G59<=3000,Annahmen!$B$4,Annahmen!$B$5))))/Annahmen!$B$6,0)*Annahmen!$B$6) | M59: =IF(OR(G59="",L59=""),"",1-L59/G59) | N59: 1.5 | O59: 2.5 | P59: =N59*Annahmen!$B$9 | Q59: =O59*Annahmen!$B$9 | R59: =HYPERLINK(Annahmen!$B$11&"#artikel/la-62-glass-washbasin","Stück öffnen")
A60: LA 63 | B60: Glaswaschtische | C60: Handwaschbecken 49,8 × 51,8 cm, Blau | D60: 49,8 × 51,8 cm · blau | E60: verfügbar | F60: Katalogpreis 05/2025 | G60: 100 | J60: =IF(OR(H60="",I60=""),"",ROUND(H60*I60/1000000,2)) | K60: =IF(G60="","",ROUND(G60*(1-IF(G60<=300,Annahmen!$B$2,IF(G60<=1000,Annahmen!$B$3,IF(G60<=3000,Annahmen!$B$4,Annahmen!$B$5))))/Annahmen!$B$6,0)*Annahmen!$B$6) | M60: =IF(OR(G60="",L60=""),"",1-L60/G60) | N60: 1.5 | O60: 2.5 | P60: =N60*Annahmen!$B$9 | Q60: =O60*Annahmen!$B$9 | R60: =HYPERLINK(Annahmen!$B$11&"#artikel/la-63-glass-washbasin","Stück öffnen")
A61: LA 64 | B61: Glaswaschtische | C61: Mundgeblasenes Aufsatzbecken Ø 41,8 cm, Blau | D61: Ø 41,8 cm · mundgeblasen · blau | E61: verfügbar | F61: Katalogpreis 05/2025 | G61: 300 | J61: =IF(OR(H61="",I61=""),"",ROUND(H61*I61/1000000,2)) | K61: =IF(G61="","",ROUND(G61*(1-IF(G61<=300,Annahmen!$B$2,IF(G61<=1000,Annahmen!$B$3,IF(G61<=3000,Annahmen!$B$4,Annahmen!$B$5))))/Annahmen!$B$6,0)*Annahmen!$B$6) | M61: =IF(OR(G61="",L61=""),"",1-L61/G61) | N61: 1.5 | O61: 2.5 | P61: =N61*Annahmen!$B$9 | Q61: =O61*Annahmen!$B$9 | R61: =HYPERLINK(Annahmen!$B$11&"#artikel/la-64-glass-washbasin","Stück öffnen")
A62: LA 65 | B62: Glaswaschtische | C62: Mundgeblasenes Aufsatzbecken Ø 41,8 cm mit Glastablar | D62: Ø 41,8 cm · mundgeblasen blau · Glastablar 77 × 44 × 3 cm · Konsolen · Ablaufventil | E62: verfügbar | F62: Katalogpreis 05/2025 | G62: 500 | J62: =IF(OR(H62="",I62=""),"",ROUND(H62*I62/1000000,2)) | K62: =IF(G62="","",ROUND(G62*(1-IF(G62<=300,Annahmen!$B$2,IF(G62<=1000,Annahmen!$B$3,IF(G62<=3000,Annahmen!$B$4,Annahmen!$B$5))))/Annahmen!$B$6,0)*Annahmen!$B$6) | M62: =IF(OR(G62="",L62=""),"",1-L62/G62) | N62: 1.5 | O62: 2.5 | P62: =N62*Annahmen!$B$9 | Q62: =O62*Annahmen!$B$9 | R62: =HYPERLINK(Annahmen!$B$11&"#artikel/la-65-glass-washbasin","Stück öffnen")
A63: SP 01 | B63: Spiegel | C63: LED-Spiegel 113 × 60 cm mit orangem Glasrahmen | D63: 113 × 60 cm · Glasrahmen · LED | E63: verfügbar | F63: Katalogpreis 05/2025 | G63: 500 | J63: =IF(OR(H63="",I63=""),"",ROUND(H63*I63/1000000,2)) | K63: =IF(G63="","",ROUND(G63*(1-IF(G63<=300,Annahmen!$B$2,IF(G63<=1000,Annahmen!$B$3,IF(G63<=3000,Annahmen!$B$4,Annahmen!$B$5))))/Annahmen!$B$6,0)*Annahmen!$B$6) | M63: =IF(OR(G63="",L63=""),"",1-L63/G63) | N63: 1.5 | O63: 2 | P63: =N63*Annahmen!$B$9 | Q63: =O63*Annahmen!$B$9 | R63: =HYPERLINK(Annahmen!$B$11&"#artikel/sp-01-glass-mirror","Stück öffnen")
A64: SP 02 | B64: Spiegel | C64: Spiegel 100 × 95 cm mit rotem Glasrahmen | D64: 100 × 95 cm · Glasrahmen | E64: verfügbar | F64: Katalogpreis 05/2025 | G64: 400 | J64: =IF(OR(H64="",I64=""),"",ROUND(H64*I64/1000000,2)) | K64: =IF(G64="","",ROUND(G64*(1-IF(G64<=300,Annahmen!$B$2,IF(G64<=1000,Annahmen!$B$3,IF(G64<=3000,Annahmen!$B$4,Annahmen!$B$5))))/Annahmen!$B$6,0)*Annahmen!$B$6) | M64: =IF(OR(G64="",L64=""),"",1-L64/G64) | N64: 1 | O64: 1.5 | P64: =N64*Annahmen!$B$9 | Q64: =O64*Annahmen!$B$9 | R64: =HYPERLINK(Annahmen!$B$11&"#artikel/sp-02-glass-mirror","Stück öffnen")
A65: SP 03 | B65: Spiegel | C65: LED-Spiegel 95 × 92 cm mit grünem Glasrahmen und Tablar | D65: 95 × 92 cm · Glasrahmen · Tablar · LED | E65: verfügbar | F65: Katalogpreis 05/2025 | G65: 350 | J65: =IF(OR(H65="",I65=""),"",ROUND(H65*I65/1000000,2)) | K65: =IF(G65="","",ROUND(G65*(1-IF(G65<=300,Annahmen!$B$2,IF(G65<=1000,Annahmen!$B$3,IF(G65<=3000,Annahmen!$B$4,Annahmen!$B$5))))/Annahmen!$B$6,0)*Annahmen!$B$6) | M65: =IF(OR(G65="",L65=""),"",1-L65/G65) | N65: 1.5 | O65: 2 | P65: =N65*Annahmen!$B$9 | Q65: =O65*Annahmen!$B$9 | R65: =HYPERLINK(Annahmen!$B$11&"#artikel/sp-03-glass-mirror","Stück öffnen")
A66: SP 08 | B66: Spiegel | C66: LED-Spiegel 86 × 82 cm mit Strukturglas-Rahmen | D66: 86 × 82 cm · Glasrahmen · LED | E66: verfügbar | F66: Katalogpreis 05/2025 | G66: 400 | J66: =IF(OR(H66="",I66=""),"",ROUND(H66*I66/1000000,2)) | K66: =IF(G66="","",ROUND(G66*(1-IF(G66<=300,Annahmen!$B$2,IF(G66<=1000,Annahmen!$B$3,IF(G66<=3000,Annahmen!$B$4,Annahmen!$B$5))))/Annahmen!$B$6,0)*Annahmen!$B$6) | M66: =IF(OR(G66="",L66=""),"",1-L66/G66) | N66: 1.5 | O66: 2 | P66: =N66*Annahmen!$B$9 | Q66: =O66*Annahmen!$B$9 | R66: =HYPERLINK(Annahmen!$B$11&"#artikel/sp-08-glass-mirror","Stück öffnen")
A67: SP 09 | B67: Spiegel | C67: LED-Spiegel 126,5 × 80 cm mit Strukturglas-Rahmen | D67: 126,5 × 80 cm · Glasrahmen · LED | E67: verfügbar | F67: Katalogpreis 05/2025 | G67: 550 | J67: =IF(OR(H67="",I67=""),"",ROUND(H67*I67/1000000,2)) | K67: =IF(G67="","",ROUND(G67*(1-IF(G67<=300,Annahmen!$B$2,IF(G67<=1000,Annahmen!$B$3,IF(G67<=3000,Annahmen!$B$4,Annahmen!$B$5))))/Annahmen!$B$6,0)*Annahmen!$B$6) | M67: =IF(OR(G67="",L67=""),"",1-L67/G67) | N67: 1.5 | O67: 2 | P67: =N67*Annahmen!$B$9 | Q67: =O67*Annahmen!$B$9 | R67: =HYPERLINK(Annahmen!$B$11&"#artikel/sp-09-glass-mirror","Stück öffnen")
A68: SP 11 | B68: Spiegel | C68: LED-Spiegel 156 × 109 cm mit orangem Glasrahmen | D68: 156 × 109 cm · Glasrahmen · LED | E68: verfügbar | F68: Katalogpreis 05/2025 | G68: 750 | J68: =IF(OR(H68="",I68=""),"",ROUND(H68*I68/1000000,2)) | K68: =IF(G68="","",ROUND(G68*(1-IF(G68<=300,Annahmen!$B$2,IF(G68<=1000,Annahmen!$B$3,IF(G68<=3000,Annahmen!$B$4,Annahmen!$B$5))))/Annahmen!$B$6,0)*Annahmen!$B$6) | M68: =IF(OR(G68="",L68=""),"",1-L68/G68) | N68: 1.5 | O68: 2 | P68: =N68*Annahmen!$B$9 | Q68: =O68*Annahmen!$B$9 | R68: =HYPERLINK(Annahmen!$B$11&"#artikel/sp-11-glass-mirror","Stück öffnen")
A69: SP 15 | B69: Spiegel | C69: Runder LED-Spiegel Ø 70 cm mit Kosmetikspiegel | D69: Ø 70 cm · LED direkt und indirekt · Kosmetikspiegel | E69: verfügbar | F69: Katalogpreis 05/2025 | G69: 150 | J69: =IF(OR(H69="",I69=""),"",ROUND(H69*I69/1000000,2)) | K69: =IF(G69="","",ROUND(G69*(1-IF(G69<=300,Annahmen!$B$2,IF(G69<=1000,Annahmen!$B$3,IF(G69<=3000,Annahmen!$B$4,Annahmen!$B$5))))/Annahmen!$B$6,0)*Annahmen!$B$6) | M69: =IF(OR(G69="",L69=""),"",1-L69/G69) | N69: 1.5 | O69: 2 | P69: =N69*Annahmen!$B$9 | Q69: =O69*Annahmen!$B$9 | R69: =HYPERLINK(Annahmen!$B$11&"#artikel/sp-15-glass-mirror","Stück öffnen")
A70: SP 16 | B70: Spiegel | C70: Runder LED-Spiegel Ø 60 cm mit Kosmetikspiegel | D70: Ø 60 cm · LED direkt und indirekt · Kosmetikspiegel | E70: verfügbar | F70: Katalogpreis 05/2025 | G70: 150 | J70: =IF(OR(H70="",I70=""),"",ROUND(H70*I70/1000000,2)) | K70: =IF(G70="","",ROUND(G70*(1-IF(G70<=300,Annahmen!$B$2,IF(G70<=1000,Annahmen!$B$3,IF(G70<=3000,Annahmen!$B$4,Annahmen!$B$5))))/Annahmen!$B$6,0)*Annahmen!$B$6) | M70: =IF(OR(G70="",L70=""),"",1-L70/G70) | N70: 1.5 | O70: 2 | P70: =N70*Annahmen!$B$9 | Q70: =O70*Annahmen!$B$9 | R70: =HYPERLINK(Annahmen!$B$11&"#artikel/sp-16-glass-mirror","Stück öffnen")
A71: SP 17 | B71: Spiegel | C71: Organischer LED-Spiegel mit Strukturglas-Rahmen | D71: Freie Form · Strukturglas-Rahmen · LED-Hinterleuchtung | E71: verfügbar | F71: Katalogpreis 05/2025 | G71: 500 | J71: =IF(OR(H71="",I71=""),"",ROUND(H71*I71/1000000,2)) | K71: =IF(G71="","",ROUND(G71*(1-IF(G71<=300,Annahmen!$B$2,IF(G71<=1000,Annahmen!$B$3,IF(G71<=3000,Annahmen!$B$4,Annahmen!$B$5))))/Annahmen!$B$6,0)*Annahmen!$B$6) | M71: =IF(OR(G71="",L71=""),"",1-L71/G71) | N71: 1.5 | O71: 2 | P71: =N71*Annahmen!$B$9 | Q71: =O71*Annahmen!$B$9 | R71: =HYPERLINK(Annahmen!$B$11&"#artikel/sp-17-glass-mirror","Stück öffnen")
A72: DU 01 | B72: Duschen | C72: Glasdusche Schwarz/Anthrazit 120 × 106 × 197 cm | D72: 120 × 106 × 197 cm (B × T × H) · Glasrückwand · Trennwände und Türe · Beschläge, Dichtungen, Stabilisationsstange · ohne Armaturen | E72: verfügbar | F72: Katalogpreis 05/2025 | G72: 5000 | J72: =IF(OR(H72="",I72=""),"",ROUND(H72*I72/1000000,2)) | K72: =IF(G72="","",ROUND(G72*(1-IF(G72<=300,Annahmen!$B$2,IF(G72<=1000,Annahmen!$B$3,IF(G72<=3000,Annahmen!$B$4,Annahmen!$B$5))))/Annahmen!$B$6,0)*Annahmen!$B$6) | M72: =IF(OR(G72="",L72=""),"",1-L72/G72) | N72: 5 | O72: 8 | P72: =N72*Annahmen!$B$9 | Q72: =O72*Annahmen!$B$9 | R72: =HYPERLINK(Annahmen!$B$11&"#artikel/du-01-black-anthracite-shower","Stück öffnen")
A73: DU 03 | B73: Duschen | C73: Gebogene Glasdusche Blau mit Leuchtturm-Motiv | D73: 125 × 100 × 194 cm · gebogene Glastrennwand · Glasrückwände · ohne Armaturen | E73: verfügbar | F73: Katalogpreis 05/2025 | G73: 2700 | J73: =IF(OR(H73="",I73=""),"",ROUND(H73*I73/1000000,2)) | K73: =IF(G73="","",ROUND(G73*(1-IF(G73<=300,Annahmen!$B$2,IF(G73<=1000,Annahmen!$B$3,IF(G73<=3000,Annahmen!$B$4,Annahmen!$B$5))))/Annahmen!$B$6,0)*Annahmen!$B$6) | M73: =IF(OR(G73="",L73=""),"",1-L73/G73) | N73: 5 | O73: 8 | P73: =N73*Annahmen!$B$9 | Q73: =O73*Annahmen!$B$9 | R73: =HYPERLINK(Annahmen!$B$11&"#artikel/du-03-blue-lighthouse-shower","Stück öffnen")
A74: DU 08 | B74: Duschen | C74: Glasdusche Grün mit Gräsermotiv 149 × 100 × 208 cm | D74: 149 × 100 × 208 cm · Glastrennwand · Glasrückwände · ohne Armaturen | E74: verfügbar | F74: Katalogpreis 05/2025 | G74: 2700 | J74: =IF(OR(H74="",I74=""),"",ROUND(H74*I74/1000000,2)) | K74: =IF(G74="","",ROUND(G74*(1-IF(G74<=300,Annahmen!$B$2,IF(G74<=1000,Annahmen!$B$3,IF(G74<=3000,Annahmen!$B$4,Annahmen!$B$5))))/Annahmen!$B$6,0)*Annahmen!$B$6) | M74: =IF(OR(G74="",L74=""),"",1-L74/G74) | N74: 5 | O74: 8 | P74: =N74*Annahmen!$B$9 | Q74: =O74*Annahmen!$B$9 | R74: =HYPERLINK(Annahmen!$B$11&"#artikel/du-08-green-glass-shower","Stück öffnen")
A75: DU 09 | B75: Duschen | C75: Glasdusche Orange mit Schiebetüren | D75: Schiebetüren und Rückwände · Masse auf Anfrage · ohne Armaturen · Komplettpreis | E75: verfügbar | F75: Katalogpreis 05/2025 | G75: 5000 | J75: =IF(OR(H75="",I75=""),"",ROUND(H75*I75/1000000,2)) | K75: =IF(G75="","",ROUND(G75*(1-IF(G75<=300,Annahmen!$B$2,IF(G75<=1000,Annahmen!$B$3,IF(G75<=3000,Annahmen!$B$4,Annahmen!$B$5))))/Annahmen!$B$6,0)*Annahmen!$B$6) | M75: =IF(OR(G75="",L75=""),"",1-L75/G75) | N75: 5 | O75: 8 | P75: =N75*Annahmen!$B$9 | Q75: =O75*Annahmen!$B$9 | R75: =HYPERLINK(Annahmen!$B$11&"#artikel/du-09-orange-sliding-shower","Stück öffnen")
A76: TI 07 | B76: Tische & Möbel | C76: Runder Glastisch Ø 110 cm mit Edelstahlgestell und 3 Stühlen | D76: Glasplatte Ø 110 cm · Edelstahlgestell · 3 Stühle Kunststoff | E76: verfügbar | F76: Katalogpreis 05/2025 | G76: 1000 | J76: =IF(OR(H76="",I76=""),"",ROUND(H76*I76/1000000,2)) | K76: =IF(G76="","",ROUND(G76*(1-IF(G76<=300,Annahmen!$B$2,IF(G76<=1000,Annahmen!$B$3,IF(G76<=3000,Annahmen!$B$4,Annahmen!$B$5))))/Annahmen!$B$6,0)*Annahmen!$B$6) | M76: =IF(OR(G76="",L76=""),"",1-L76/G76) | N76: 1 | O76: 2 | P76: =N76*Annahmen!$B$9 | Q76: =O76*Annahmen!$B$9 | R76: =HYPERLINK(Annahmen!$B$11&"#artikel/ti-07-round-glass-table-and-chairs","Stück öffnen")
A77: TI 05 | B77: Tische & Möbel | C77: Glastisch 273 × 101 cm mit Edelstahl-Untergestell | D77: 273 × 101 × 73 cm · Edelstahl-Untergestell | E77: verkauft | F77: Katalogpreis 05/2025 | G77: 1900 | J77: =IF(OR(H77="",I77=""),"",ROUND(H77*I77/1000000,2)) | M77: =IF(OR(G77="",L77=""),"",1-L77/G77) | N77: 1 | O77: 2 | P77: =N77*Annahmen!$B$9 | Q77: =O77*Annahmen!$B$9 | R77: =HYPERLINK(Annahmen!$B$11&"#artikel/ti-05-glass-table","Stück öffnen") | S77: Verkauft – nur Dokumentation
A78: TI 06 | B78: Tische & Möbel | C78: Bambustisch 179 × 89 cm mit Glaseinlage | D78: 179 × 89 cm · Bambus · Glasplatte | E78: verfügbar | F78: Katalogpreis 05/2025 | G78: 1500 | J78: =IF(OR(H78="",I78=""),"",ROUND(H78*I78/1000000,2)) | K78: =IF(G78="","",ROUND(G78*(1-IF(G78<=300,Annahmen!$B$2,IF(G78<=1000,Annahmen!$B$3,IF(G78<=3000,Annahmen!$B$4,Annahmen!$B$5))))/Annahmen!$B$6,0)*Annahmen!$B$6) | M78: =IF(OR(G78="",L78=""),"",1-L78/G78) | N78: 1 | O78: 2 | P78: =N78*Annahmen!$B$9 | Q78: =O78*Annahmen!$B$9 | R78: =HYPERLINK(Annahmen!$B$11&"#artikel/ti-06-bamboo-glass-table","Stück öffnen")
A79: TI 01 | B79: Tische & Möbel | C79: Esstisch 200 × 95 cm, Strukturglas auf Edelstahl | D79: 200 × 95 cm · Untergestell Edelstahl | E79: verfügbar | F79: Katalogpreis 05/2025 | G79: 1710 | J79: =IF(OR(H79="",I79=""),"",ROUND(H79*I79/1000000,2)) | K79: =IF(G79="","",ROUND(G79*(1-IF(G79<=300,Annahmen!$B$2,IF(G79<=1000,Annahmen!$B$3,IF(G79<=3000,Annahmen!$B$4,Annahmen!$B$5))))/Annahmen!$B$6,0)*Annahmen!$B$6) | M79: =IF(OR(G79="",L79=""),"",1-L79/G79) | N79: 1 | O79: 2 | P79: =N79*Annahmen!$B$9 | Q79: =O79*Annahmen!$B$9 | R79: =HYPERLINK(Annahmen!$B$11&"#artikel/ti-01-glass-table","Stück öffnen")
A80: TI 02 | B80: Tische & Möbel | C80: Esstisch 195 × 95 cm, Strukturglas auf Edelstahl | D80: 195 × 95 cm · Untergestell Edelstahl | E80: verfügbar | F80: Katalogpreis 05/2025 | G80: 1710 | J80: =IF(OR(H80="",I80=""),"",ROUND(H80*I80/1000000,2)) | K80: =IF(G80="","",ROUND(G80*(1-IF(G80<=300,Annahmen!$B$2,IF(G80<=1000,Annahmen!$B$3,IF(G80<=3000,Annahmen!$B$4,Annahmen!$B$5))))/Annahmen!$B$6,0)*Annahmen!$B$6) | M80: =IF(OR(G80="",L80=""),"",1-L80/G80) | N80: 1 | O80: 2 | P80: =N80*Annahmen!$B$9 | Q80: =O80*Annahmen!$B$9 | R80: =HYPERLINK(Annahmen!$B$11&"#artikel/ti-02-glass-table","Stück öffnen")
A81: TW 05 | B81: Glastrennwände | C81: Glastrennwand 60,5 × 195,8 cm mit Delfinen | D81: 60,5 × 195,8 cm · Delfinmotiv | E81: verfügbar | F81: Katalogpreis 05/2025 | G81: 500 | J81: =IF(OR(H81="",I81=""),"",ROUND(H81*I81/1000000,2)) | K81: =IF(G81="","",ROUND(G81*(1-IF(G81<=300,Annahmen!$B$2,IF(G81<=1000,Annahmen!$B$3,IF(G81<=3000,Annahmen!$B$4,Annahmen!$B$5))))/Annahmen!$B$6,0)*Annahmen!$B$6) | M81: =IF(OR(G81="",L81=""),"",1-L81/G81) | N81: 2 | O81: 4 | P81: =N81*Annahmen!$B$9 | Q81: =O81*Annahmen!$B$9 | R81: =HYPERLINK(Annahmen!$B$11&"#artikel/tw-05-dolphin-glass-partition","Stück öffnen")
A82: TW 01 | B82: Glastrennwände | C82: Gebogene Glastrennwand 134 × 195 cm mit Orcas | D82: 134 × 195 cm · gebogen · Orcamotiv | E82: verfügbar | F82: Katalogpreis 05/2025 | G82: 1900 | J82: =IF(OR(H82="",I82=""),"",ROUND(H82*I82/1000000,2)) | K82: =IF(G82="","",ROUND(G82*(1-IF(G82<=300,Annahmen!$B$2,IF(G82<=1000,Annahmen!$B$3,IF(G82<=3000,Annahmen!$B$4,Annahmen!$B$5))))/Annahmen!$B$6,0)*Annahmen!$B$6) | M82: =IF(OR(G82="",L82=""),"",1-L82/G82) | N82: 2 | O82: 4 | P82: =N82*Annahmen!$B$9 | Q82: =O82*Annahmen!$B$9 | R82: =HYPERLINK(Annahmen!$B$11&"#artikel/tw-01-curved-orca-glass-partition","Stück öffnen")
A83: TW 06 | B83: Glastrennwände | C83: Glastrennwand 60,5 × 195,8 cm, Strukturglas | D83: 60,55 × 195,8 cm · Strukturglas | E83: verfügbar | F83: Katalogpreis 05/2025 | G83: 500 | J83: =IF(OR(H83="",I83=""),"",ROUND(H83*I83/1000000,2)) | K83: =IF(G83="","",ROUND(G83*(1-IF(G83<=300,Annahmen!$B$2,IF(G83<=1000,Annahmen!$B$3,IF(G83<=3000,Annahmen!$B$4,Annahmen!$B$5))))/Annahmen!$B$6,0)*Annahmen!$B$6) | M83: =IF(OR(G83="",L83=""),"",1-L83/G83) | N83: 2 | O83: 4 | P83: =N83*Annahmen!$B$9 | Q83: =O83*Annahmen!$B$9 | R83: =HYPERLINK(Annahmen!$B$11&"#artikel/tw-06-glass-partition","Stück öffnen")
A84: TW 09 | B84: Glastrennwände | C84: Glastrennwand 90 × 207 cm mit Rundbogen | D84: 90 × 207 cm · Rundbogen · Strukturglas | E84: verfügbar | F84: Katalogpreis 05/2025 | G84: 250 | J84: =IF(OR(H84="",I84=""),"",ROUND(H84*I84/1000000,2)) | K84: =IF(G84="","",ROUND(G84*(1-IF(G84<=300,Annahmen!$B$2,IF(G84<=1000,Annahmen!$B$3,IF(G84<=3000,Annahmen!$B$4,Annahmen!$B$5))))/Annahmen!$B$6,0)*Annahmen!$B$6) | M84: =IF(OR(G84="",L84=""),"",1-L84/G84) | N84: 2 | O84: 4 | P84: =N84*Annahmen!$B$9 | Q84: =O84*Annahmen!$B$9 | R84: =HYPERLINK(Annahmen!$B$11&"#artikel/tw-09-glass-partition","Stück öffnen")
A85: TW 11 | B85: Glastrennwände | C85: Glastrennwand 101 × 195,5 cm, Strukturglas | D85: 101 × 195,5 cm · Strukturglas | E85: verfügbar | F85: Katalogpreis 05/2025 | G85: 300 | J85: =IF(OR(H85="",I85=""),"",ROUND(H85*I85/1000000,2)) | K85: =IF(G85="","",ROUND(G85*(1-IF(G85<=300,Annahmen!$B$2,IF(G85<=1000,Annahmen!$B$3,IF(G85<=3000,Annahmen!$B$4,Annahmen!$B$5))))/Annahmen!$B$6,0)*Annahmen!$B$6) | M85: =IF(OR(G85="",L85=""),"",1-L85/G85) | N85: 2 | O85: 4 | P85: =N85*Annahmen!$B$9 | Q85: =O85*Annahmen!$B$9 | R85: =HYPERLINK(Annahmen!$B$11&"#artikel/tw-11-glass-partition","Stück öffnen")
A86: TW 08 | B86: Glastrennwände | C86: Schmale Glastrennwand 41 × 195 cm | D86: 41 × 195 cm · Strukturglas | E86: verfügbar | F86: Katalogpreis 05/2025 | G86: 150 | J86: =IF(OR(H86="",I86=""),"",ROUND(H86*I86/1000000,2)) | K86: =IF(G86="","",ROUND(G86*(1-IF(G86<=300,Annahmen!$B$2,IF(G86<=1000,Annahmen!$B$3,IF(G86<=3000,Annahmen!$B$4,Annahmen!$B$5))))/Annahmen!$B$6,0)*Annahmen!$B$6) | M86: =IF(OR(G86="",L86=""),"",1-L86/G86) | N86: 2 | O86: 4 | P86: =N86*Annahmen!$B$9 | Q86: =O86*Annahmen!$B$9 | R86: =HYPERLINK(Annahmen!$B$11&"#artikel/tw-08-glass-partition","Stück öffnen")
A87: TW 12 | B87: Glastrennwände | C87: Glastrennwand 92,5 × 201 cm mit gelben Einschlüssen | D87: 92,5 × 201 cm · geschwungen · gelbe Einschlüsse | E87: verfügbar | F87: Katalogpreis 05/2025 | G87: 300 | J87: =IF(OR(H87="",I87=""),"",ROUND(H87*I87/1000000,2)) | K87: =IF(G87="","",ROUND(G87*(1-IF(G87<=300,Annahmen!$B$2,IF(G87<=1000,Annahmen!$B$3,IF(G87<=3000,Annahmen!$B$4,Annahmen!$B$5))))/Annahmen!$B$6,0)*Annahmen!$B$6) | M87: =IF(OR(G87="",L87=""),"",1-L87/G87) | N87: 2 | O87: 4 | P87: =N87*Annahmen!$B$9 | Q87: =O87*Annahmen!$B$9 | R87: =HYPERLINK(Annahmen!$B$11&"#artikel/tw-12-glass-partition","Stück öffnen")
A88: TW 13 | B88: Glastrennwände | C88: Glastrennwand 143 × 180 cm, Strukturglas | D88: 143 × 180 cm · Strukturglas | E88: verfügbar | F88: Katalogpreis 05/2025 | G88: 1100 | J88: =IF(OR(H88="",I88=""),"",ROUND(H88*I88/1000000,2)) | K88: =IF(G88="","",ROUND(G88*(1-IF(G88<=300,Annahmen!$B$2,IF(G88<=1000,Annahmen!$B$3,IF(G88<=3000,Annahmen!$B$4,Annahmen!$B$5))))/Annahmen!$B$6,0)*Annahmen!$B$6) | M88: =IF(OR(G88="",L88=""),"",1-L88/G88) | N88: 2 | O88: 4 | P88: =N88*Annahmen!$B$9 | Q88: =O88*Annahmen!$B$9 | R88: =HYPERLINK(Annahmen!$B$11&"#artikel/tw-13-glass-partition","Stück öffnen")
A89: TW 16 | B89: Glastrennwände | C89: Glastrennwand 50,5 × 197 cm, Strukturglas | D89: 50,5 × 197 cm · Strukturglas | E89: verfügbar | F89: Katalogpreis 05/2025 | G89: 100 | J89: =IF(OR(H89="",I89=""),"",ROUND(H89*I89/1000000,2)) | K89: =IF(G89="","",ROUND(G89*(1-IF(G89<=300,Annahmen!$B$2,IF(G89<=1000,Annahmen!$B$3,IF(G89<=3000,Annahmen!$B$4,Annahmen!$B$5))))/Annahmen!$B$6,0)*Annahmen!$B$6) | M89: =IF(OR(G89="",L89=""),"",1-L89/G89) | N89: 2 | O89: 4 | P89: =N89*Annahmen!$B$9 | Q89: =O89*Annahmen!$B$9 | R89: =HYPERLINK(Annahmen!$B$11&"#artikel/tw-16-glass-partition","Stück öffnen")
A90: TW 17 | B90: Glastrennwände | C90: LED-Glastrennwand 111 × 199 cm mit Mohnblumen | D90: 111 × 199 cm · Mohnblumenmotiv · LED-Kante | E90: verfügbar | F90: Katalogpreis 05/2025 | G90: 1390 | J90: =IF(OR(H90="",I90=""),"",ROUND(H90*I90/1000000,2)) | K90: =IF(G90="","",ROUND(G90*(1-IF(G90<=300,Annahmen!$B$2,IF(G90<=1000,Annahmen!$B$3,IF(G90<=3000,Annahmen!$B$4,Annahmen!$B$5))))/Annahmen!$B$6,0)*Annahmen!$B$6) | M90: =IF(OR(G90="",L90=""),"",1-L90/G90) | N90: 2 | O90: 4 | P90: =N90*Annahmen!$B$9 | Q90: =O90*Annahmen!$B$9 | R90: =HYPERLINK(Annahmen!$B$11&"#artikel/tw-17-glass-partition","Stück öffnen")
A91: GL 01 | B91: Glastrennwände | C91: Glastrennwand 76 × 191 cm, Strukturglas | D91: 76 × 191 cm · Strukturglas | E91: verkauft | F91: Katalogpreis 05/2025 | G91: 500 | J91: =IF(OR(H91="",I91=""),"",ROUND(H91*I91/1000000,2)) | M91: =IF(OR(G91="",L91=""),"",1-L91/G91) | N91: 2 | O91: 4 | P91: =N91*Annahmen!$B$9 | Q91: =O91*Annahmen!$B$9 | R91: =HYPERLINK(Annahmen!$B$11&"#artikel/gl-01-glass-panel","Stück öffnen") | S91: Verkauft – nur Dokumentation
A92: GL 02 | B92: Glastrennwände | C92: Glastrennwand 76 × 203 cm, Strukturglas | D92: 76 × 203 cm · Strukturglas | E92: verfügbar | F92: Katalogpreis 05/2025 | G92: 800 | J92: =IF(OR(H92="",I92=""),"",ROUND(H92*I92/1000000,2)) | K92: =IF(G92="","",ROUND(G92*(1-IF(G92<=300,Annahmen!$B$2,IF(G92<=1000,Annahmen!$B$3,IF(G92<=3000,Annahmen!$B$4,Annahmen!$B$5))))/Annahmen!$B$6,0)*Annahmen!$B$6) | M92: =IF(OR(G92="",L92=""),"",1-L92/G92) | N92: 2 | O92: 4 | P92: =N92*Annahmen!$B$9 | Q92: =O92*Annahmen!$B$9 | R92: =HYPERLINK(Annahmen!$B$11&"#artikel/gl-02-glass-panel","Stück öffnen")
A93: GL 03 | B93: Glastrennwände | C93: Glastrennwand 59 × 190,5 cm, Strukturglas | D93: 59 × 190,5 cm · Strukturglas | E93: verfügbar | F93: Katalogpreis 05/2025 | G93: 100 | J93: =IF(OR(H93="",I93=""),"",ROUND(H93*I93/1000000,2)) | K93: =IF(G93="","",ROUND(G93*(1-IF(G93<=300,Annahmen!$B$2,IF(G93<=1000,Annahmen!$B$3,IF(G93<=3000,Annahmen!$B$4,Annahmen!$B$5))))/Annahmen!$B$6,0)*Annahmen!$B$6) | M93: =IF(OR(G93="",L93=""),"",1-L93/G93) | N93: 2 | O93: 4 | P93: =N93*Annahmen!$B$9 | Q93: =O93*Annahmen!$B$9 | R93: =HYPERLINK(Annahmen!$B$11&"#artikel/gl-03-glass-panel","Stück öffnen")
A94: TÜ 01 | B94: Glastüren | C94: Glastür 88,5 × 198 cm, Strukturglas | D94: 88,5 × 198 cm · Strukturglas | E94: verfügbar | F94: Katalogpreis 05/2025 | G94: 600 | J94: =IF(OR(H94="",I94=""),"",ROUND(H94*I94/1000000,2)) | K94: =IF(G94="","",ROUND(G94*(1-IF(G94<=300,Annahmen!$B$2,IF(G94<=1000,Annahmen!$B$3,IF(G94<=3000,Annahmen!$B$4,Annahmen!$B$5))))/Annahmen!$B$6,0)*Annahmen!$B$6) | M94: =IF(OR(G94="",L94=""),"",1-L94/G94) | N94: 2 | O94: 3 | P94: =N94*Annahmen!$B$9 | Q94: =O94*Annahmen!$B$9 | R94: =HYPERLINK(Annahmen!$B$11&"#artikel/t-01-glass-door","Stück öffnen")
A95: TÜ 03 | B95: Glastüren | C95: Glastür 62 × 194,5 cm, Strukturglas | D95: 62 × 194,5 cm · Strukturglas | E95: verfügbar | F95: Katalogpreis 05/2025 | G95: 100 | J95: =IF(OR(H95="",I95=""),"",ROUND(H95*I95/1000000,2)) | K95: =IF(G95="","",ROUND(G95*(1-IF(G95<=300,Annahmen!$B$2,IF(G95<=1000,Annahmen!$B$3,IF(G95<=3000,Annahmen!$B$4,Annahmen!$B$5))))/Annahmen!$B$6,0)*Annahmen!$B$6) | M95: =IF(OR(G95="",L95=""),"",1-L95/G95) | N95: 2 | O95: 3 | P95: =N95*Annahmen!$B$9 | Q95: =O95*Annahmen!$B$9 | R95: =HYPERLINK(Annahmen!$B$11&"#artikel/t-03-glass-door","Stück öffnen")
A96: TÜ 04 | B96: Glastüren | C96: Glastür 59 × 196,5 cm, Strukturglas | D96: 59 × 196,5 cm · Strukturglas | E96: verfügbar | F96: Katalogpreis 05/2025 | G96: 100 | J96: =IF(OR(H96="",I96=""),"",ROUND(H96*I96/1000000,2)) | K96: =IF(G96="","",ROUND(G96*(1-IF(G96<=300,Annahmen!$B$2,IF(G96<=1000,Annahmen!$B$3,IF(G96<=3000,Annahmen!$B$4,Annahmen!$B$5))))/Annahmen!$B$6,0)*Annahmen!$B$6) | M96: =IF(OR(G96="",L96=""),"",1-L96/G96) | N96: 2 | O96: 3 | P96: =N96*Annahmen!$B$9 | Q96: =O96*Annahmen!$B$9 | R96: =HYPERLINK(Annahmen!$B$11&"#artikel/t-04-glass-door","Stück öffnen")
A97: TÜ 05 | B97: Glastüren | C97: Glastür 59 × 197,2 cm, Strukturglas | D97: 59 × 197,2 cm · Strukturglas | E97: verfügbar | F97: Katalogpreis 05/2025 | G97: 100 | J97: =IF(OR(H97="",I97=""),"",ROUND(H97*I97/1000000,2)) | K97: =IF(G97="","",ROUND(G97*(1-IF(G97<=300,Annahmen!$B$2,IF(G97<=1000,Annahmen!$B$3,IF(G97<=3000,Annahmen!$B$4,Annahmen!$B$5))))/Annahmen!$B$6,0)*Annahmen!$B$6) | M97: =IF(OR(G97="",L97=""),"",1-L97/G97) | N97: 2 | O97: 3 | P97: =N97*Annahmen!$B$9 | Q97: =O97*Annahmen!$B$9 | R97: =HYPERLINK(Annahmen!$B$11&"#artikel/t-05-glass-door","Stück öffnen")
A98: TÜ 06 | B98: Glastüren | C98: Glastür 62 × 200,5 cm, Strukturglas | D98: 62 × 200,5 cm · Strukturglas | E98: verfügbar | F98: Katalogpreis 05/2025 | G98: 100 | J98: =IF(OR(H98="",I98=""),"",ROUND(H98*I98/1000000,2)) | K98: =IF(G98="","",ROUND(G98*(1-IF(G98<=300,Annahmen!$B$2,IF(G98<=1000,Annahmen!$B$3,IF(G98<=3000,Annahmen!$B$4,Annahmen!$B$5))))/Annahmen!$B$6,0)*Annahmen!$B$6) | M98: =IF(OR(G98="",L98=""),"",1-L98/G98) | N98: 2 | O98: 3 | P98: =N98*Annahmen!$B$9 | Q98: =O98*Annahmen!$B$9 | R98: =HYPERLINK(Annahmen!$B$11&"#artikel/t-06-glass-door","Stück öffnen")
A99: TÜ 08 | B99: Glastüren | C99: Glastür 52 × 196,5 cm, Strukturglas | D99: 52 × 196,5 cm · Strukturglas | E99: verfügbar | F99: Katalogpreis 05/2025 | G99: 100 | J99: =IF(OR(H99="",I99=""),"",ROUND(H99*I99/1000000,2)) | K99: =IF(G99="","",ROUND(G99*(1-IF(G99<=300,Annahmen!$B$2,IF(G99<=1000,Annahmen!$B$3,IF(G99<=3000,Annahmen!$B$4,Annahmen!$B$5))))/Annahmen!$B$6,0)*Annahmen!$B$6) | M99: =IF(OR(G99="",L99=""),"",1-L99/G99) | N99: 2 | O99: 3 | P99: =N99*Annahmen!$B$9 | Q99: =O99*Annahmen!$B$9 | R99: =HYPERLINK(Annahmen!$B$11&"#artikel/t-08-glass-door","Stück öffnen")
A100: TÜ 09 | B100: Glastüren | C100: Hohe Glastür 80,5 × 237 cm, Strukturglas | D100: 80,5 × 237 cm · Strukturglas | E100: verfügbar | F100: Katalogpreis 05/2025 | G100: 200 | J100: =IF(OR(H100="",I100=""),"",ROUND(H100*I100/1000000,2)) | K100: =IF(G100="","",ROUND(G100*(1-IF(G100<=300,Annahmen!$B$2,IF(G100<=1000,Annahmen!$B$3,IF(G100<=3000,Annahmen!$B$4,Annahmen!$B$5))))/Annahmen!$B$6,0)*Annahmen!$B$6) | M100: =IF(OR(G100="",L100=""),"",1-L100/G100) | N100: 2 | O100: 3 | P100: =N100*Annahmen!$B$9 | Q100: =O100*Annahmen!$B$9 | R100: =HYPERLINK(Annahmen!$B$11&"#artikel/t-09-glass-door","Stück öffnen")
...

Sheet Annahmen
A1: Annahme | B1: Wert | C1: Erläuterung
A2: Rabatt bis CHF 300 | B2: 0 | C2: Kleinteile: Preis bleibt. Problem ist Sichtbarkeit, nicht Preis.
A3: Rabatt CHF 301–1000 | B3: 0.2 | C3: Vorschlag. Anpassen und Spalte "Vorschlag" rechnet neu.
A4: Rabatt CHF 1001–3000 | B4: 0.25 | C4: Vorschlag.
A5: Rabatt über CHF 3000 | B5: 0.3 | C5: Vorschlag. Grosse Stücke stehen am längsten.
A6: Rundung auf CHF | B6: 10 | C6: Vorschlagspreis wird auf diesen Betrag gerundet.
A7: Glasplatten 8 mm, CHF pro m² | B7: 350 | C7: Annahme für Strukturglas dekorativ. Bitte vom Chef bestätigen.
A8: Glasplatten 10 mm, CHF pro m² | B8: 420 | C8: Annahme. Bitte vom Chef bestätigen.
A9: Montage CHF pro Stunde | B9: 220 | C9: Team mit 2 Personen, inkl. Werkzeug. Vorgabe.
A10: Lieferung gratis ab Warenwert CHF | B10: 3000 | C10: Nur Lieferung ohne Montage, Zonen A–C.
A11: Basis-URL Katalog | B11: https://higorvibecode.github.io/aktioncrea/ | C11: Für die Links pro Stück. Anpassen, wenn die Seite unter einer anderen Adresse läuft.
A13: Gelbe Zellen sind Entscheidungen. Alles andere rechnet automatisch.

Sheet Lieferung & Montage
A1: Zone | B1: Distanz ab Werk (Strasse) | C1: Beispielorte | D1: Lieferung ohne Montage CHF | E1: Anfahrt bei Montage CHF | F1: Regel
A2: A | B2: bis 15 km | C2: Interlaken, Matten, Wilderswil, Bönigen, Ringgenberg, Beatenberg | D2: 90 | E2: 0 | F2: Lieferung gratis ab CHF 3000 Warenwert
A3: B | B3: bis 40 km | C3: Thun, Spiez, Brienz, Meiringen, Grindelwald, Lauterbrunnen, Frutigen | D3: 160 | E3: 120 | F3: Lieferung gratis ab CHF 3000 Warenwert
A4: C | B4: bis 80 km | C4: Bern, Burgdorf, Luzern, Zweisimmen, Gstaad | D4: 260 | E4: 240 | F4: Lieferung gratis ab CHF 3000 Warenwert
A5: D | B5: über 80 km | C5: Zürich, Basel, Romandie, Wallis | D5: Offerte | E5: Offerte | F5: Individuell offerieren
A7: Grundsätze (Vorschlag)
A8: Abholung ab Werk Unterseen: kostenlos.
A9: Lieferung ohne Montage: Pauschale pro Auftrag nach Zone. Gratis ab CHF 3000 Warenwert in den Zonen A–C.
A10: Lieferung mit Montage: Lieferung immer inbegriffen. Anfahrtspauschale nach Zone plus Montagestunden × CHF 220.
A11: Kleines Zubehör (Siphon, Konsolen, Tablarträger, Handtuchhalter): Postversand CHF 15.
A12: Montagezeit: Fenster min–max pro Stück, siehe Blatt "Montagezeiten". Auf der Website wird die Spanne als Richtpreis gezeigt.
A13: Sanitär- und Elektroanschlüsse: durch den Installateur des Kunden oder nach Absprache. Steht so auf der Website.
A14: Alle Beträge sind Richtpreise. Crea-Glass bestätigt vor Auftrag. Die Website sagt das bei jedem Preis.
A16: So wird das in der Schweiz üblicherweise gehandhabt (Erfahrungswerte, nicht recherchiert – Netzwerkzugriff war in dieser Sitzung gesperrt)
A17: Handwerksbetriebe verrechnen Anfahrt als Pauschale pro Zone oder als Fahrzeit zum Stundensatz. Zonenpauschalen sind für Kunden verständlicher.
A18: Sanitär-Ausstellungen liefern grössere Stücke meist mit Pauschale pro Auftrag; viele verzichten auf die Liefergebühr ab einem Warenwert (häufig CHF 2000–5000).
A19: Montage-Stundensätze für ein Zweierteam im Glaserhandwerk liegen in der Region typischerweise bei CHF 180–260. CHF 220 liegt im Rahmen.
A20: Empfehlung: Gratislieferung nur ohne Montage (als Kaufanreiz) und nur bis Zone C. Bei Montage ist die Lieferung ohnehin inbegriffen, dort braucht es keinen Zusatzrabatt.

Sheet Montagezeiten
A1: Produktgruppe | B1: Stunden min | C1: Stunden max | D1: CHF min | E1: CHF max | F1: Umfang | G1: Nicht enthalten
A2: Glaswaschtisch ohne Möbel | B2: 1.5 | C2: 2.5 | D2: =B2*Annahmen!$B$9 | E2: =C2*Annahmen!$B$9 | F2: Konsolen setzen, Waschtisch montieren, ausrichten | G2: Wasseranschluss (Sanitär)
A3: Glaswaschtisch mit Möbel / Komplettset | B3: 3 | C3: 4 | D3: =B3*Annahmen!$B$9 | E3: =C3*Annahmen!$B$9 | F3: Möbel stellen, Waschtisch montieren, LED anschliessen | G3: Wasseranschluss (Sanitär), Stromzuleitung
A4: Dusche komplett | B4: 5 | C4: 8 | D4: =B4*Annahmen!$B$9 | E4: =C4*Annahmen!$B$9 | F4: Rückwände, Trennwände, Türen, Beschläge, Abdichtung Glas | G4: Armaturen, Bodenabdichtung, Sanitär
A5: Duschtüre (Falt/Schiebe) | B5: 3 | C5: 4 | D5: =B5*Annahmen!$B$9 | E5: =C5*Annahmen!$B$9 | F5: Profile, Türe, Beschläge, Dichtungen | G5: Rückwände, Sanitär
A6: Glastüre | B6: 2 | C6: 3 | D6: =B6*Annahmen!$B$9 | E6: =C6*Annahmen!$B$9 | F6: Beschläge, Türe einhängen, einstellen | G6: Zarge/Anpassung Mauerwerk
A7: Glastrennwand | B7: 2 | C7: 4 | D7: =B7*Annahmen!$B$9 | E7: =C7*Annahmen!$B$9 | F7: Profile oder Punkthalter, Glas setzen, abdichten | G7: Bauliche Anpassungen
A8: Neue Glasplatte (Einbau nach Aufmass) | B8: 2 | C8: 4 | D8: =B8*Annahmen!$B$9 | E8: =C8*Annahmen!$B$9 | F8: Aufmass, Halterung, Glas setzen | G8: Beschläge je nach Einsatz
A9: Spiegel ohne LED | B9: 1 | C9: 1.5 | D9: =B9*Annahmen!$B$9 | E9: =C9*Annahmen!$B$9 | F9: Befestigung, ausrichten
A10: Spiegel mit LED | B10: 1.5 | C10: 2 | D10: =B10*Annahmen!$B$9 | E10: =C10*Annahmen!$B$9 | F10: Befestigung, Anschluss an vorhandene Zuleitung | G10: Stromzuleitung (Elektriker)
A11: Glasbild | B11: 0.5 | C11: 1 | D11: =B11*Annahmen!$B$9 | E11: =C11*Annahmen!$B$9 | F11: Aufhängung, ausrichten | G11: Stromzuleitung bei LED
A12: Tisch / Möbel | B12: 1 | C12: 2 | D12: =B12*Annahmen!$B$9 | E12: =C12*Annahmen!$B$9 | F12: Lieferung, aufstellen, ausrichten
A13: Bartheke | B13: 2 | C13: 3 | D13: =B13*Annahmen!$B$9 | E13: =C13*Annahmen!$B$9 | F13: Aufstellen, Glasplatte montieren
A14: Zubehör | B14: 0.5 | C14: 1 | D14: =B14*Annahmen!$B$9 | E14: =C14*Annahmen!$B$9 | F14: Montage an Wand oder Möbel
A16: Stunden sind Schätzungen für ein Zweierteam. Bitte mit der Montage abgleichen. Die Website nutzt dieselben Werte (services.js).
